[LM75_phiP150_d10 1/14] L_M=75.0, phi=150.0, beta=45.0, s=30.0mm, depth=0.1mm ...
Info    : Meshing 1D...
Info    : [  0%] Meshing curve 1 (BSpline)
Info    : [ 10%] Meshing curve 2 (Ellipse)
Info    : [ 20%] Meshing curve 3 (Ellipse)
Info    : [ 30%] Meshing curve 4 (BSpline)
Info    : [ 40%] Meshing curve 5 (BSpline)
Info    : [ 50%] Meshing curve 6 (BSpline)
Info    : [ 60%] Meshing curve 7 (BSpline)
Info    : [ 60%] Meshing curve 8 (BSpline)
Info    : [ 70%] Meshing curve 9 (BSpline)
Info    : [ 90%] Meshing curve 11 (Circle)
Info    : Done meshing 1D (Wall 0.0193213s, CPU 0.018286s)
Info    : Meshing 2D...
Info    : [  0%] Meshing surface 1 (Plane, Frontal-Delaunay)
Info    : [ 20%] Meshing surface 2 (Plane, Frontal-Delaunay)
Info    : [ 40%] Meshing surface 3 (BSpline surface, Frontal-Delaunay)
Info    : [ 60%] Meshing surface 4 (BSpline surface, Frontal-Delaunay)
Info    : [ 70%] Meshing surface 5 (Plane, Frontal-Delaunay)
Info    : [ 90%] Meshing surface 6 (Sphere, Frontal-Delaunay)
Info    : Done meshing 2D (Wall 0.761555s, CPU 0.756504s)
Info    : Meshing 3D...
Info    : 3D Meshing 2 volumes with 2 connected components
Info    : Tetrahedrizing 12487 nodes...
Info    : Done tetrahedrizing 12495 nodes (Wall 0.146306s, CPU 0.138234s)
Info    : Reconstructing mesh...
Info    :  - Creating surface mesh
Info    :  - Identifying boundary edges
Info    :  - Recovering boundary
Info    : Done reconstructing mesh (Wall 0.360301s, CPU 0.332976s)
Info    : Found volume 1
Info    : It. 0 - 0 nodes created - worst tet radius 1.03896 (nodes removed 0 0)
Info    : It. 500 - 500 nodes created - worst tet radius 1.00102 (nodes removed 0 0)
Info    : 3D refinement terminated (13252 nodes total):
Info    :  - 0 Delaunay cavities modified for star shapeness
Info    :  - 0 nodes could not be inserted
Info    :  - 42649 tetrahedra created in 0.0383312 sec. (1112643 tets/s)
Info    : 0 node relocations
Info    : Tetrahedrizing 131 nodes...
Info    : Done tetrahedrizing 139 nodes (Wall 0.000813628s, CPU 0.000814s)
Info    : Reconstructing mesh...
Info    :  - Creating surface mesh
Info    :  - Identifying boundary edges
Info    :  - Recovering boundary
Info    : Done reconstructing mesh (Wall 0.00236233s, CPU 0.002366s)
Info    : Found volume 2
Info    : It. 0 - 0 nodes created - worst tet radius 3.1274 (nodes removed 0 0)
Info    : 3D refinement terminated (12703 nodes total):
Info    :  - 0 Delaunay cavities modified for star shapeness
Info    :  - 0 nodes could not be inserted
Info    :  - 530 tetrahedra created in 0.00583181 sec. (90880 tets/s)
Info    : 0 node relocations
Info    : Done meshing 3D (Wall 0.671435s, CPU 0.643334s)
Info    : Optimizing mesh...
Info    : Optimizing volume 1
Info    : Optimization starts (volume = 235.603) with worst = 0.000883265 / average = 0.685716:
Info    : 0.00 < quality < 0.10 :       236 elements
Info    : 0.10 < quality < 0.20 :       356 elements
Info    : 0.20 < quality < 0.30 :       599 elements
Info    : 0.30 < quality < 0.40 :       826 elements
Info    : 0.40 < quality < 0.50 :      1156 elements
Info    : 0.50 < quality < 0.60 :      3846 elements
Info    : 0.60 < quality < 0.70 :     11926 elements
Info    : 0.70 < quality < 0.80 :     19556 elements
Info    : 0.80 < quality < 0.90 :      2203 elements
Info    : 0.90 < quality < 1.00 :      1945 elements
Info    : 1112 edge swaps, 21 node relocations (volume = 235.603): worst = 0.0291094 / average = 0.701141 (Wall 0.0199395s, CPU 0.019928s)
Info    : 1177 edge swaps, 23 node relocations (volume = 235.603): worst = 0.149958 / average = 0.701901 (Wall 0.0236236s, CPU 0.023614s)
Info    : 1178 edge swaps, 24 node relocations (volume = 235.603): worst = 0.149958 / average = 0.701897 (Wall 0.0269458s, CPU 0.026936s)
Info    : No ill-shaped tets in the mesh :-)
Info    : 0.00 < quality < 0.10 :         0 elements
Info    : 0.10 < quality < 0.20 :         2 elements
Info    : 0.20 < quality < 0.30 :         6 elements
Info    : 0.30 < quality < 0.40 :       642 elements
Info    : 0.40 < quality < 0.50 :      1014 elements
Info    : 0.50 < quality < 0.60 :      3964 elements
Info    : 0.60 < quality < 0.70 :     12258 elements
Info    : 0.70 < quality < 0.80 :     19364 elements
Info    : 0.80 < quality < 0.90 :      2368 elements
Info    : 0.90 < quality < 1.00 :      1955 elements
Info    : Optimizing volume 2
Info    : Optimization starts (volume = 0.256422) with worst = 0.122292 / average = 0.743468:
Info    : 0.00 < quality < 0.10 :         0 elements
Info    : 0.10 < quality < 0.20 :         7 elements
Info    : 0.20 < quality < 0.30 :         5 elements
Info    : 0.30 < quality < 0.40 :        11 elements
Info    : 0.40 < quality < 0.50 :        19 elements
Info    : 0.50 < quality < 0.60 :        29 elements
Info    : 0.60 < quality < 0.70 :        79 elements
Info    : 0.70 < quality < 0.80 :       163 elements
Info    : 0.80 < quality < 0.90 :       167 elements
Info    : 0.90 < quality < 1.00 :        50 elements
Info    : 12 edge swaps, 0 node relocations (volume = 0.256422): worst = 0.303237 / average = 0.755671 (Wall 0.000147114s, CPU 0.000149s)
Info    : No ill-shaped tets in the mesh :-)
Info    : 0.00 < quality < 0.10 :         0 elements
Info    : 0.10 < quality < 0.20 :         0 elements
Info    : 0.20 < quality < 0.30 :         0 elements
Info    : 0.30 < quality < 0.40 :        12 elements
Info    : 0.40 < quality < 0.50 :        19 elements
Info    : 0.50 < quality < 0.60 :        25 elements
Info    : 0.60 < quality < 0.70 :        85 elements
Info    : 0.70 < quality < 0.80 :       161 elements
Info    : 0.80 < quality < 0.90 :       168 elements
Info    : 0.90 < quality < 1.00 :        50 elements
Info    : Done optimizing mesh (Wall 0.0612225s, CPU 0.061211s)
Info    : 13656 nodes 68548 elements
Info    : Meshing order 2 (curvilinear on)...
Info    : [  0%] Meshing curve 1 order 2
Info    : [ 10%] Meshing curve 2 order 2
Info    : [ 20%] Meshing curve 3 order 2
Info    : [ 20%] Meshing curve 4 order 2
Info    : [ 30%] Meshing curve 5 order 2
Info    : [ 30%] Meshing curve 6 order 2
Info    : [ 40%] Meshing curve 7 order 2
Info    : [ 40%] Meshing curve 8 order 2
Info    : [ 50%] Meshing curve 9 order 2
Info    : [ 50%] Meshing curve 10 order 2
Info    : [ 60%] Meshing curve 11 order 2
Info    : [ 60%] Meshing curve 12 order 2
Info    : [ 70%] Meshing surface 1 order 2
Info    : [ 70%] Meshing surface 2 order 2
Info    : [ 80%] Meshing surface 3 order 2
Info    : [ 80%] Meshing surface 4 order 2
Info    : [ 90%] Meshing surface 5 order 2
Info    : [ 90%] Meshing surface 6 order 2
Info    : [100%] Meshing volume 1 order 2
Info    : [100%] Meshing volume 2 order 2
Info    : Surface mesh: worst distortion = 0.797589 (0 elements in ]0, 0.2]); worst gamma = 0.638304
Info    : Volume mesh: worst distortion = 0.268213 (0 elements in ]0, 0.2])
Info    : Done meshing order 2 (Wall 12.3505s, CPU 12.3361s)
Info    : Writing '/home/user/mscr-mom/현서/scripts/contact_scenarios/fea/betagen_mesh_LM75_phiP150_d10_01.inp'...
Info    : Done writing '/home/user/mscr-mom/현서/scripts/contact_scenarios/fea/betagen_mesh_LM75_phiP150_d10_01.inp'
  [LM75_phiP150_d10] F_mag=0.0085mN  (604.7s)
[LM75_phiP150_d10 2/14] L_M=75.0, phi=150.0, beta=45.0, s=60.0mm, depth=0.1mm ...
Info    : Meshing 1D...
Info    : [  0%] Meshing curve 1 (BSpline)
Info    : [ 10%] Meshing curve 2 (Ellipse)
Info    : [ 20%] Meshing curve 3 (Ellipse)
Info    : [ 30%] Meshing curve 4 (BSpline)
Info    : [ 40%] Meshing curve 5 (BSpline)
Info    : [ 50%] Meshing curve 6 (BSpline)
Info    : [ 60%] Meshing curve 7 (BSpline)
Info    : [ 60%] Meshing curve 8 (BSpline)
Info    : [ 70%] Meshing curve 9 (BSpline)
Info    : [ 90%] Meshing curve 11 (Circle)
Info    : Done meshing 1D (Wall 0.0193429s, CPU 0.019313s)
Info    : Meshing 2D...
Info    : [  0%] Meshing surface 1 (Plane, Frontal-Delaunay)
Info    : [ 20%] Meshing surface 2 (Plane, Frontal-Delaunay)
Info    : [ 40%] Meshing surface 3 (BSpline surface, Frontal-Delaunay)
Info    : [ 60%] Meshing surface 4 (BSpline surface, Frontal-Delaunay)
Info    : [ 70%] Meshing surface 5 (Plane, Frontal-Delaunay)
Info    : [ 90%] Meshing surface 6 (Sphere, Frontal-Delaunay)
Info    : Done meshing 2D (Wall 0.757761s, CPU 0.757651s)
Info    : Meshing 3D...
Info    : 3D Meshing 2 volumes with 2 connected components
Info    : Tetrahedrizing 12487 nodes...
Info    : Done tetrahedrizing 12495 nodes (Wall 0.139138s, CPU 0.132152s)
Info    : Reconstructing mesh...
Info    :  - Creating surface mesh
Info    :  - Identifying boundary edges
Info    :  - Recovering boundary
Info    : Done reconstructing mesh (Wall 0.388219s, CPU 0.370218s)
Info    : Found volume 1
Info    : It. 0 - 0 nodes created - worst tet radius 1.03896 (nodes removed 0 0)
Info    : It. 500 - 500 nodes created - worst tet radius 1.00102 (nodes removed 0 0)
Info    : 3D refinement terminated (13251 nodes total):
Info    :  - 0 Delaunay cavities modified for star shapeness
Info    :  - 0 nodes could not be inserted
Info    :  - 42649 tetrahedra created in 0.038535 sec. (1106759 tets/s)
Info    : 0 node relocations
Info    : Tetrahedrizing 130 nodes...
Info    : Done tetrahedrizing 138 nodes (Wall 0.000830735s, CPU 0.000832s)
Info    : Reconstructing mesh...
Info    :  - Creating surface mesh
Info    :  - Identifying boundary edges
Info    :  - Recovering boundary
Info    : Done reconstructing mesh (Wall 0.00242313s, CPU 0.002426s)
Info    : Found volume 2
Info    : It. 0 - 0 nodes created - worst tet radius 3.03887 (nodes removed 0 0)
Info    : 3D refinement terminated (12697 nodes total):
Info    :  - 0 Delaunay cavities modified for star shapeness
Info    :  - 0 nodes could not be inserted
Info    :  - 487 tetrahedra created in 0.00848999 sec. (57361 tets/s)
Info    : 0 node relocations
Info    : Done meshing 3D (Wall 0.758503s, CPU 0.740482s)
Info    : Optimizing mesh...
Info    : Optimizing volume 1
Info    : Optimization starts (volume = 235.603) with worst = 0.000883265 / average = 0.685716:
Info    : 0.00 < quality < 0.10 :       236 elements
Info    : 0.10 < quality < 0.20 :       356 elements
Info    : 0.20 < quality < 0.30 :       599 elements
Info    : 0.30 < quality < 0.40 :       826 elements
Info    : 0.40 < quality < 0.50 :      1156 elements
Info    : 0.50 < quality < 0.60 :      3846 elements
Info    : 0.60 < quality < 0.70 :     11926 elements
Info    : 0.70 < quality < 0.80 :     19556 elements
Info    : 0.80 < quality < 0.90 :      2203 elements
Info    : 0.90 < quality < 1.00 :      1945 elements
Info    : 1112 edge swaps, 21 node relocations (volume = 235.603): worst = 0.0291094 / average = 0.701141 (Wall 0.017848s, CPU 0.017849s)
Info    : 1177 edge swaps, 23 node relocations (volume = 235.603): worst = 0.149958 / average = 0.701901 (Wall 0.0217588s, CPU 0.02176s)
Info    : 1178 edge swaps, 24 node relocations (volume = 235.603): worst = 0.149958 / average = 0.701897 (Wall 0.0245546s, CPU 0.024556s)
Info    : No ill-shaped tets in the mesh :-)
Info    : 0.00 < quality < 0.10 :         0 elements
Info    : 0.10 < quality < 0.20 :         2 elements
Info    : 0.20 < quality < 0.30 :         6 elements
Info    : 0.30 < quality < 0.40 :       642 elements
Info    : 0.40 < quality < 0.50 :      1014 elements
Info    : 0.50 < quality < 0.60 :      3964 elements
Info    : 0.60 < quality < 0.70 :     12258 elements
Info    : 0.70 < quality < 0.80 :     19364 elements
Info    : 0.80 < quality < 0.90 :      2368 elements
Info    : 0.90 < quality < 1.00 :      1955 elements
Info    : Optimizing volume 2
Info    : Optimization starts (volume = 0.256435) with worst = 0.191529 / average = 0.744184:
Info    : 0.00 < quality < 0.10 :         0 elements
Info    : 0.10 < quality < 0.20 :         1 elements
Info    : 0.20 < quality < 0.30 :         5 elements
Info    : 0.30 < quality < 0.40 :         7 elements
Info    : 0.40 < quality < 0.50 :        28 elements
Info    : 0.50 < quality < 0.60 :        21 elements
Info    : 0.60 < quality < 0.70 :        72 elements
Info    : 0.70 < quality < 0.80 :       168 elements
Info    : 0.80 < quality < 0.90 :       144 elements
Info    : 0.90 < quality < 1.00 :        41 elements
Info    : 6 edge swaps, 0 node relocations (volume = 0.256435): worst = 0.347362 / average = 0.751388 (Wall 0.000100723s, CPU 0.000103s)
Info    : No ill-shaped tets in the mesh :-)
Info    : 0.00 < quality < 0.10 :         0 elements
Info    : 0.10 < quality < 0.20 :         0 elements
Info    : 0.20 < quality < 0.30 :         0 elements
Info    : 0.30 < quality < 0.40 :         7 elements
Info    : 0.40 < quality < 0.50 :        25 elements
Info    : 0.50 < quality < 0.60 :        22 elements
Info    : 0.60 < quality < 0.70 :        74 elements
Info    : 0.70 < quality < 0.80 :       170 elements
Info    : 0.80 < quality < 0.90 :       143 elements
Info    : 0.90 < quality < 1.00 :        41 elements
Info    : Done optimizing mesh (Wall 0.0678571s, CPU 0.067586s)
Info    : 13650 nodes 68508 elements
Info    : Meshing order 2 (curvilinear on)...
Info    : [  0%] Meshing curve 1 order 2
Info    : [ 10%] Meshing curve 2 order 2
Info    : [ 20%] Meshing curve 3 order 2
Info    : [ 20%] Meshing curve 4 order 2
Info    : [ 30%] Meshing curve 5 order 2
Info    : [ 30%] Meshing curve 6 order 2
Info    : [ 40%] Meshing curve 7 order 2
Info    : [ 40%] Meshing curve 8 order 2
Info    : [ 50%] Meshing curve 9 order 2
Info    : [ 50%] Meshing curve 10 order 2
Info    : [ 60%] Meshing curve 11 order 2
Info    : [ 60%] Meshing curve 12 order 2
Info    : [ 70%] Meshing surface 1 order 2
Info    : [ 70%] Meshing surface 2 order 2
Info    : [ 80%] Meshing surface 3 order 2
Info    : [ 80%] Meshing surface 4 order 2
Info    : [ 90%] Meshing surface 5 order 2
Info    : [ 90%] Meshing surface 6 order 2
Info    : [100%] Meshing volume 1 order 2
Info    : [100%] Meshing volume 2 order 2
Info    : Surface mesh: worst distortion = 0.797589 (0 elements in ]0, 0.2]); worst gamma = 0.638304
Info    : Volume mesh: worst distortion = 0.268213 (0 elements in ]0, 0.2])
Info    : Done meshing order 2 (Wall 12.8879s, CPU 12.8686s)
Info    : Writing '/home/user/mscr-mom/현서/scripts/contact_scenarios/fea/betagen_mesh_LM75_phiP150_d10_02.inp'...
Info    : Done writing '/home/user/mscr-mom/현서/scripts/contact_scenarios/fea/betagen_mesh_LM75_phiP150_d10_02.inp'
  [LM75_phiP150_d10] [실패] (478.9s)
[LM75_phiP150_d10 3/14] L_M=75.0, phi=150.0, beta=90.0, s=30.0mm, depth=0.1mm ...
Info    : Meshing 1D...
Info    : [  0%] Meshing curve 1 (BSpline)
Info    : [ 10%] Meshing curve 2 (Ellipse)
Info    : [ 20%] Meshing curve 3 (Ellipse)
Info    : [ 30%] Meshing curve 4 (BSpline)
Info    : [ 40%] Meshing curve 5 (BSpline)
Info    : [ 50%] Meshing curve 6 (BSpline)
Info    : [ 60%] Meshing curve 7 (BSpline)
Info    : [ 60%] Meshing curve 8 (BSpline)
Info    : [ 70%] Meshing curve 9 (BSpline)
Info    : [ 90%] Meshing curve 11 (Circle)
Info    : Done meshing 1D (Wall 0.019311s, CPU 0.019268s)
Info    : Meshing 2D...
Info    : [  0%] Meshing surface 1 (Plane, Frontal-Delaunay)
Info    : [ 20%] Meshing surface 2 (Plane, Frontal-Delaunay)
Info    : [ 40%] Meshing surface 3 (BSpline surface, Frontal-Delaunay)
Info    : [ 60%] Meshing surface 4 (BSpline surface, Frontal-Delaunay)
Info    : [ 70%] Meshing surface 5 (Plane, Frontal-Delaunay)
Info    : [ 90%] Meshing surface 6 (Sphere, Frontal-Delaunay)
Info    : Done meshing 2D (Wall 0.779471s, CPU 0.778459s)
Info    : Meshing 3D...
Info    : 3D Meshing 2 volumes with 2 connected components
Info    : Tetrahedrizing 12487 nodes...
Info    : Done tetrahedrizing 12495 nodes (Wall 0.141958s, CPU 0.135954s)
Info    : Reconstructing mesh...
Info    :  - Creating surface mesh
Info    :  - Identifying boundary edges
Info    :  - Recovering boundary
Info    : Done reconstructing mesh (Wall 0.401853s, CPU 0.385835s)
Info    : Found volume 1
Info    : It. 0 - 0 nodes created - worst tet radius 1.03896 (nodes removed 0 0)
Info    : It. 500 - 500 nodes created - worst tet radius 1.00102 (nodes removed 0 0)
Info    : 3D refinement terminated (13251 nodes total):
Info    :  - 0 Delaunay cavities modified for star shapeness
Info    :  - 0 nodes could not be inserted
Info    :  - 42649 tetrahedra created in 0.0293518 sec. (1453028 tets/s)
Info    : 0 node relocations
Info    : Tetrahedrizing 130 nodes...
Info    : Done tetrahedrizing 138 nodes (Wall 0.00076159s, CPU 0.000762s)
Info    : Reconstructing mesh...
Info    :  - Creating surface mesh
Info    :  - Identifying boundary edges
Info    :  - Recovering boundary
Info    : Done reconstructing mesh (Wall 0.00178817s, CPU 0.001788s)
Info    : Found volume 2
Info    : It. 0 - 0 nodes created - worst tet radius 3.03887 (nodes removed 0 0)
Info    : 3D refinement terminated (12697 nodes total):
Info    :  - 0 Delaunay cavities modified for star shapeness
Info    :  - 0 nodes could not be inserted
Info    :  - 487 tetrahedra created in 0.00264548 sec. (184087 tets/s)
Info    : 0 node relocations
Info    : Done meshing 3D (Wall 0.734554s, CPU 0.717514s)
Info    : Optimizing mesh...
Info    : Optimizing volume 1
Info    : Optimization starts (volume = 235.603) with worst = 0.000883265 / average = 0.685716:
Info    : 0.00 < quality < 0.10 :       236 elements
Info    : 0.10 < quality < 0.20 :       356 elements
Info    : 0.20 < quality < 0.30 :       599 elements
Info    : 0.30 < quality < 0.40 :       826 elements
Info    : 0.40 < quality < 0.50 :      1156 elements
Info    : 0.50 < quality < 0.60 :      3846 elements
Info    : 0.60 < quality < 0.70 :     11926 elements
Info    : 0.70 < quality < 0.80 :     19556 elements
Info    : 0.80 < quality < 0.90 :      2203 elements
Info    : 0.90 < quality < 1.00 :      1945 elements
Info    : 1112 edge swaps, 21 node relocations (volume = 235.603): worst = 0.0291094 / average = 0.701141 (Wall 0.015736s, CPU 0.015736s)
Info    : 1177 edge swaps, 23 node relocations (volume = 235.603): worst = 0.149958 / average = 0.701901 (Wall 0.0188588s, CPU 0.01886s)
Info    : 1178 edge swaps, 24 node relocations (volume = 235.603): worst = 0.149958 / average = 0.701897 (Wall 0.0209397s, CPU 0.020942s)
Info    : No ill-shaped tets in the mesh :-)
Info    : 0.00 < quality < 0.10 :         0 elements
Info    : 0.10 < quality < 0.20 :         2 elements
Info    : 0.20 < quality < 0.30 :         6 elements
Info    : 0.30 < quality < 0.40 :       642 elements
Info    : 0.40 < quality < 0.50 :      1014 elements
Info    : 0.50 < quality < 0.60 :      3964 elements
Info    : 0.60 < quality < 0.70 :     12258 elements
Info    : 0.70 < quality < 0.80 :     19364 elements
Info    : 0.80 < quality < 0.90 :      2368 elements
Info    : 0.90 < quality < 1.00 :      1955 elements
Info    : Optimizing volume 2
Info    : Optimization starts (volume = 0.256435) with worst = 0.191529 / average = 0.744184:
Info    : 0.00 < quality < 0.10 :         0 elements
Info    : 0.10 < quality < 0.20 :         1 elements
Info    : 0.20 < quality < 0.30 :         5 elements
Info    : 0.30 < quality < 0.40 :         7 elements
Info    : 0.40 < quality < 0.50 :        28 elements
Info    : 0.50 < quality < 0.60 :        21 elements
Info    : 0.60 < quality < 0.70 :        72 elements
Info    : 0.70 < quality < 0.80 :       168 elements
Info    : 0.80 < quality < 0.90 :       144 elements
Info    : 0.90 < quality < 1.00 :        41 elements
Info    : 6 edge swaps, 0 node relocations (volume = 0.256435): worst = 0.347362 / average = 0.751388 (Wall 9.27811e-05s, CPU 9.3e-05s)
Info    : No ill-shaped tets in the mesh :-)
Info    : 0.00 < quality < 0.10 :         0 elements
Info    : 0.10 < quality < 0.20 :         0 elements
Info    : 0.20 < quality < 0.30 :         0 elements
Info    : 0.30 < quality < 0.40 :         7 elements
Info    : 0.40 < quality < 0.50 :        25 elements
Info    : 0.50 < quality < 0.60 :        22 elements
Info    : 0.60 < quality < 0.70 :        74 elements
Info    : 0.70 < quality < 0.80 :       170 elements
Info    : 0.80 < quality < 0.90 :       143 elements
Info    : 0.90 < quality < 1.00 :        41 elements
Info    : Done optimizing mesh (Wall 0.0443961s, CPU 0.044395s)
Info    : 13650 nodes 68508 elements
Info    : Meshing order 2 (curvilinear on)...
Info    : [  0%] Meshing curve 1 order 2
Info    : [ 10%] Meshing curve 2 order 2
Info    : [ 20%] Meshing curve 3 order 2
Info    : [ 20%] Meshing curve 4 order 2
Info    : [ 30%] Meshing curve 5 order 2
Info    : [ 30%] Meshing curve 6 order 2
Info    : [ 40%] Meshing curve 7 order 2
Info    : [ 40%] Meshing curve 8 order 2
Info    : [ 50%] Meshing curve 9 order 2
Info    : [ 50%] Meshing curve 10 order 2
Info    : [ 60%] Meshing curve 11 order 2
Info    : [ 60%] Meshing curve 12 order 2
Info    : [ 70%] Meshing surface 1 order 2
Info    : [ 70%] Meshing surface 2 order 2
Info    : [ 80%] Meshing surface 3 order 2
Info    : [ 80%] Meshing surface 4 order 2
Info    : [ 90%] Meshing surface 5 order 2
Info    : [ 90%] Meshing surface 6 order 2
Info    : [100%] Meshing volume 1 order 2
Info    : [100%] Meshing volume 2 order 2
Info    : Surface mesh: worst distortion = 0.797589 (0 elements in ]0, 0.2]); worst gamma = 0.638304
Info    : Volume mesh: worst distortion = 0.268213 (0 elements in ]0, 0.2])
Info    : Done meshing order 2 (Wall 12.5266s, CPU 12.5231s)
Info    : Writing '/home/user/mscr-mom/현서/scripts/contact_scenarios/fea/betagen_mesh_LM75_phiP150_d10_03.inp'...
Info    : Done writing '/home/user/mscr-mom/현서/scripts/contact_scenarios/fea/betagen_mesh_LM75_phiP150_d10_03.inp'
  [LM75_phiP150_d10] 실패: Command '['ccx', 'betagensweep_LM75_phiP150_d10_03']' timed out after 1800 seconds
  [LM75_phiP150_d10] [실패] (1815.3s)
[LM75_phiP150_d10 4/14] L_M=75.0, phi=150.0, beta=90.0, s=60.0mm, depth=0.1mm ...
Info    : Meshing 1D...
Info    : [  0%] Meshing curve 1 (BSpline)
Info    : [ 10%] Meshing curve 2 (Ellipse)
Info    : [ 20%] Meshing curve 3 (Ellipse)
Info    : [ 30%] Meshing curve 4 (BSpline)
Info    : [ 40%] Meshing curve 5 (BSpline)
Info    : [ 50%] Meshing curve 6 (BSpline)
Info    : [ 60%] Meshing curve 7 (BSpline)
Info    : [ 60%] Meshing curve 8 (BSpline)
Info    : [ 70%] Meshing curve 9 (BSpline)
Info    : [ 90%] Meshing curve 11 (Circle)
Info    : Done meshing 1D (Wall 0.0349627s, CPU 0.033947s)
Info    : Meshing 2D...
Info    : [  0%] Meshing surface 1 (Plane, Frontal-Delaunay)
Info    : [ 20%] Meshing surface 2 (Plane, Frontal-Delaunay)
Info    : [ 40%] Meshing surface 3 (BSpline surface, Frontal-Delaunay)
Info    : [ 60%] Meshing surface 4 (BSpline surface, Frontal-Delaunay)
Info    : [ 70%] Meshing surface 5 (Plane, Frontal-Delaunay)
Info    : [ 90%] Meshing surface 6 (Sphere, Frontal-Delaunay)
Info    : Done meshing 2D (Wall 0.884341s, CPU 0.883226s)
Info    : Meshing 3D...
Info    : 3D Meshing 2 volumes with 2 connected components
Info    : Tetrahedrizing 12487 nodes...
Info    : Done tetrahedrizing 12495 nodes (Wall 0.140429s, CPU 0.137429s)
Info    : Reconstructing mesh...
Info    :  - Creating surface mesh
Info    :  - Identifying boundary edges
Info    :  - Recovering boundary
Info    : Done reconstructing mesh (Wall 0.363361s, CPU 0.350182s)
Info    : Found volume 1
Info    : It. 0 - 0 nodes created - worst tet radius 1.03896 (nodes removed 0 0)
Info    : It. 500 - 500 nodes created - worst tet radius 1.00102 (nodes removed 0 0)
Info    : 3D refinement terminated (13251 nodes total):
Info    :  - 0 Delaunay cavities modified for star shapeness
Info    :  - 0 nodes could not be inserted
Info    :  - 42649 tetrahedra created in 0.0296918 sec. (1436390 tets/s)
Info    : 0 node relocations
Info    : Tetrahedrizing 130 nodes...
Info    : Done tetrahedrizing 138 nodes (Wall 0.00075256s, CPU 0.000752s)
Info    : Reconstructing mesh...
Info    :  - Creating surface mesh
Info    :  - Identifying boundary edges
Info    :  - Recovering boundary
Info    : Done reconstructing mesh (Wall 0.00175212s, CPU 0.001753s)
Info    : Found volume 2
Info    : It. 0 - 0 nodes created - worst tet radius 3.03887 (nodes removed 0 0)
Info    : 3D refinement terminated (12697 nodes total):
Info    :  - 0 Delaunay cavities modified for star shapeness
Info    :  - 0 nodes could not be inserted
Info    :  - 487 tetrahedra created in 0.0053369 sec. (91251 tets/s)
Info    : 0 node relocations
Info    : Done meshing 3D (Wall 0.680894s, CPU 0.666677s)
Info    : Optimizing mesh...
Info    : Optimizing volume 1
Info    : Optimization starts (volume = 235.603) with worst = 0.000883265 / average = 0.685716:
Info    : 0.00 < quality < 0.10 :       236 elements
Info    : 0.10 < quality < 0.20 :       356 elements
Info    : 0.20 < quality < 0.30 :       599 elements
Info    : 0.30 < quality < 0.40 :       826 elements
Info    : 0.40 < quality < 0.50 :      1156 elements
Info    : 0.50 < quality < 0.60 :      3846 elements
Info    : 0.60 < quality < 0.70 :     11926 elements
Info    : 0.70 < quality < 0.80 :     19556 elements
Info    : 0.80 < quality < 0.90 :      2203 elements
Info    : 0.90 < quality < 1.00 :      1945 elements
Info    : 1112 edge swaps, 21 node relocations (volume = 235.603): worst = 0.0291094 / average = 0.701141 (Wall 0.0272734s, CPU 0.027273s)
Info    : 1177 edge swaps, 23 node relocations (volume = 235.603): worst = 0.149958 / average = 0.701901 (Wall 0.0329522s, CPU 0.032952s)
Info    : 1178 edge swaps, 24 node relocations (volume = 235.603): worst = 0.149958 / average = 0.701897 (Wall 0.036972s, CPU 0.036972s)
Info    : No ill-shaped tets in the mesh :-)
Info    : 0.00 < quality < 0.10 :         0 elements
Info    : 0.10 < quality < 0.20 :         2 elements
Info    : 0.20 < quality < 0.30 :         6 elements
Info    : 0.30 < quality < 0.40 :       642 elements
Info    : 0.40 < quality < 0.50 :      1014 elements
Info    : 0.50 < quality < 0.60 :      3964 elements
Info    : 0.60 < quality < 0.70 :     12258 elements
Info    : 0.70 < quality < 0.80 :     19364 elements
Info    : 0.80 < quality < 0.90 :      2368 elements
Info    : 0.90 < quality < 1.00 :      1955 elements
Info    : Optimizing volume 2
Info    : Optimization starts (volume = 0.256435) with worst = 0.191529 / average = 0.744184:
Info    : 0.00 < quality < 0.10 :         0 elements
Info    : 0.10 < quality < 0.20 :         1 elements
Info    : 0.20 < quality < 0.30 :         5 elements
Info    : 0.30 < quality < 0.40 :         7 elements
Info    : 0.40 < quality < 0.50 :        28 elements
Info    : 0.50 < quality < 0.60 :        21 elements
Info    : 0.60 < quality < 0.70 :        72 elements
Info    : 0.70 < quality < 0.80 :       168 elements
Info    : 0.80 < quality < 0.90 :       144 elements
Info    : 0.90 < quality < 1.00 :        41 elements
Info    : 6 edge swaps, 0 node relocations (volume = 0.256435): worst = 0.347362 / average = 0.751388 (Wall 0.000135868s, CPU 0.000139s)
Info    : No ill-shaped tets in the mesh :-)
Info    : 0.00 < quality < 0.10 :         0 elements
Info    : 0.10 < quality < 0.20 :         0 elements
Info    : 0.20 < quality < 0.30 :         0 elements
Info    : 0.30 < quality < 0.40 :         7 elements
Info    : 0.40 < quality < 0.50 :        25 elements
Info    : 0.50 < quality < 0.60 :        22 elements
Info    : 0.60 < quality < 0.70 :        74 elements
Info    : 0.70 < quality < 0.80 :       170 elements
Info    : 0.80 < quality < 0.90 :       143 elements
Info    : 0.90 < quality < 1.00 :        41 elements
Info    : Done optimizing mesh (Wall 0.0661608s, CPU 0.06616s)
Info    : 13650 nodes 68508 elements
Info    : Meshing order 2 (curvilinear on)...
Info    : [  0%] Meshing curve 1 order 2
Info    : [ 10%] Meshing curve 2 order 2
Info    : [ 20%] Meshing curve 3 order 2
Info    : [ 20%] Meshing curve 4 order 2
Info    : [ 30%] Meshing curve 5 order 2
Info    : [ 30%] Meshing curve 6 order 2
Info    : [ 40%] Meshing curve 7 order 2
Info    : [ 40%] Meshing curve 8 order 2
Info    : [ 50%] Meshing curve 9 order 2
Info    : [ 50%] Meshing curve 10 order 2
Info    : [ 60%] Meshing curve 11 order 2
Info    : [ 60%] Meshing curve 12 order 2
Info    : [ 70%] Meshing surface 1 order 2
Info    : [ 70%] Meshing surface 2 order 2
Info    : [ 80%] Meshing surface 3 order 2
Info    : [ 80%] Meshing surface 4 order 2
Info    : [ 90%] Meshing surface 5 order 2
Info    : [ 90%] Meshing surface 6 order 2
Info    : [100%] Meshing volume 1 order 2
Info    : [100%] Meshing volume 2 order 2
Info    : Surface mesh: worst distortion = 0.797589 (0 elements in ]0, 0.2]); worst gamma = 0.638304
Info    : Volume mesh: worst distortion = 0.268213 (0 elements in ]0, 0.2])
Info    : Done meshing order 2 (Wall 12.6492s, CPU 12.6429s)
Info    : Writing '/home/user/mscr-mom/현서/scripts/contact_scenarios/fea/betagen_mesh_LM75_phiP150_d10_04.inp'...
Info    : Done writing '/home/user/mscr-mom/현서/scripts/contact_scenarios/fea/betagen_mesh_LM75_phiP150_d10_04.inp'
  [LM75_phiP150_d10] [실패] (1020.1s)
[LM75_phiP150_d10 5/14] L_M=75.0, phi=150.0, beta=135.0, s=30.0mm, depth=0.1mm ...
Info    : Meshing 1D...
Info    : [  0%] Meshing curve 1 (BSpline)
Info    : [ 10%] Meshing curve 2 (Ellipse)
Info    : [ 20%] Meshing curve 3 (Ellipse)
Info    : [ 30%] Meshing curve 4 (BSpline)
Info    : [ 40%] Meshing curve 5 (BSpline)
Info    : [ 50%] Meshing curve 6 (BSpline)
Info    : [ 60%] Meshing curve 7 (BSpline)
Info    : [ 60%] Meshing curve 8 (BSpline)
Info    : [ 70%] Meshing curve 9 (BSpline)
Info    : [ 90%] Meshing curve 11 (Circle)
Info    : Done meshing 1D (Wall 0.0329366s, CPU 0.032937s)
Info    : Meshing 2D...
Info    : [  0%] Meshing surface 1 (Plane, Frontal-Delaunay)
Info    : [ 20%] Meshing surface 2 (Plane, Frontal-Delaunay)
Info    : [ 40%] Meshing surface 3 (BSpline surface, Frontal-Delaunay)
Info    : [ 60%] Meshing surface 4 (BSpline surface, Frontal-Delaunay)
Info    : [ 70%] Meshing surface 5 (Plane, Frontal-Delaunay)
Info    : [ 90%] Meshing surface 6 (Sphere, Frontal-Delaunay)
Info    : Done meshing 2D (Wall 0.882487s, CPU 0.879974s)
Info    : Meshing 3D...
Info    : 3D Meshing 2 volumes with 2 connected components
Info    : Tetrahedrizing 12487 nodes...
Info    : Done tetrahedrizing 12495 nodes (Wall 0.142695s, CPU 0.133696s)
Info    : Reconstructing mesh...
Info    :  - Creating surface mesh
Info    :  - Identifying boundary edges
Info    :  - Recovering boundary
Info    : Done reconstructing mesh (Wall 0.376742s, CPU 0.355625s)
Info    : Found volume 1
Info    : It. 0 - 0 nodes created - worst tet radius 1.03896 (nodes removed 0 0)
Info    : It. 500 - 500 nodes created - worst tet radius 1.00102 (nodes removed 0 0)
Info    : 3D refinement terminated (13252 nodes total):
Info    :  - 0 Delaunay cavities modified for star shapeness
Info    :  - 0 nodes could not be inserted
Info    :  - 42649 tetrahedra created in 0.0321295 sec. (1327408 tets/s)
Info    : 0 node relocations
Info    : Tetrahedrizing 131 nodes...
Info    : Done tetrahedrizing 139 nodes (Wall 0.000759171s, CPU 0.000759s)
Info    : Reconstructing mesh...
Info    :  - Creating surface mesh
Info    :  - Identifying boundary edges
Info    :  - Recovering boundary
Info    : Done reconstructing mesh (Wall 0.00175633s, CPU 0.00176s)
Info    : Found volume 2
Info    : It. 0 - 0 nodes created - worst tet radius 3.13238 (nodes removed 0 0)
Info    : 3D refinement terminated (12703 nodes total):
Info    :  - 0 Delaunay cavities modified for star shapeness
Info    :  - 0 nodes could not be inserted
Info    :  - 530 tetrahedra created in 0.00461751 sec. (114780 tets/s)
Info    : 0 node relocations
Info    : Done meshing 3D (Wall 0.666216s, CPU 0.645014s)
Info    : Optimizing mesh...
Info    : Optimizing volume 1
Info    : Optimization starts (volume = 235.603) with worst = 0.000883265 / average = 0.685716:
Info    : 0.00 < quality < 0.10 :       236 elements
Info    : 0.10 < quality < 0.20 :       356 elements
Info    : 0.20 < quality < 0.30 :       599 elements
Info    : 0.30 < quality < 0.40 :       826 elements
Info    : 0.40 < quality < 0.50 :      1156 elements
Info    : 0.50 < quality < 0.60 :      3846 elements
Info    : 0.60 < quality < 0.70 :     11926 elements
Info    : 0.70 < quality < 0.80 :     19556 elements
Info    : 0.80 < quality < 0.90 :      2203 elements
Info    : 0.90 < quality < 1.00 :      1945 elements
Info    : 1112 edge swaps, 21 node relocations (volume = 235.603): worst = 0.0291094 / average = 0.701141 (Wall 0.0142643s, CPU 0.014264s)
Info    : 1177 edge swaps, 23 node relocations (volume = 235.603): worst = 0.149958 / average = 0.701901 (Wall 0.0173663s, CPU 0.017369s)
Info    : 1178 edge swaps, 24 node relocations (volume = 235.603): worst = 0.149958 / average = 0.701897 (Wall 0.0194774s, CPU 0.01948s)
Info    : No ill-shaped tets in the mesh :-)
Info    : 0.00 < quality < 0.10 :         0 elements
Info    : 0.10 < quality < 0.20 :         2 elements
Info    : 0.20 < quality < 0.30 :         6 elements
Info    : 0.30 < quality < 0.40 :       642 elements
Info    : 0.40 < quality < 0.50 :      1014 elements
Info    : 0.50 < quality < 0.60 :      3964 elements
Info    : 0.60 < quality < 0.70 :     12258 elements
Info    : 0.70 < quality < 0.80 :     19364 elements
Info    : 0.80 < quality < 0.90 :      2368 elements
Info    : 0.90 < quality < 1.00 :      1955 elements
Info    : Optimizing volume 2
Info    : Optimization starts (volume = 0.256422) with worst = 0.122292 / average = 0.743468:
Info    : 0.00 < quality < 0.10 :         0 elements
Info    : 0.10 < quality < 0.20 :         7 elements
Info    : 0.20 < quality < 0.30 :         5 elements
Info    : 0.30 < quality < 0.40 :        11 elements
Info    : 0.40 < quality < 0.50 :        19 elements
Info    : 0.50 < quality < 0.60 :        29 elements
Info    : 0.60 < quality < 0.70 :        79 elements
Info    : 0.70 < quality < 0.80 :       163 elements
Info    : 0.80 < quality < 0.90 :       167 elements
Info    : 0.90 < quality < 1.00 :        50 elements
Info    : 12 edge swaps, 0 node relocations (volume = 0.256422): worst = 0.303237 / average = 0.755671 (Wall 0.000136749s, CPU 0.000138s)
Info    : No ill-shaped tets in the mesh :-)
Info    : 0.00 < quality < 0.10 :         0 elements
Info    : 0.10 < quality < 0.20 :         0 elements
Info    : 0.20 < quality < 0.30 :         0 elements
Info    : 0.30 < quality < 0.40 :        12 elements
Info    : 0.40 < quality < 0.50 :        19 elements
Info    : 0.50 < quality < 0.60 :        25 elements
Info    : 0.60 < quality < 0.70 :        85 elements
Info    : 0.70 < quality < 0.80 :       161 elements
Info    : 0.80 < quality < 0.90 :       168 elements
Info    : 0.90 < quality < 1.00 :        50 elements
Info    : Done optimizing mesh (Wall 0.0450533s, CPU 0.045034s)
Info    : 13656 nodes 68548 elements
Info    : Meshing order 2 (curvilinear on)...
Info    : [  0%] Meshing curve 1 order 2
Info    : [ 10%] Meshing curve 2 order 2
Info    : [ 20%] Meshing curve 3 order 2
Info    : [ 20%] Meshing curve 4 order 2
Info    : [ 30%] Meshing curve 5 order 2
Info    : [ 30%] Meshing curve 6 order 2
Info    : [ 40%] Meshing curve 7 order 2
Info    : [ 40%] Meshing curve 8 order 2
Info    : [ 50%] Meshing curve 9 order 2
Info    : [ 50%] Meshing curve 10 order 2
Info    : [ 60%] Meshing curve 11 order 2
Info    : [ 60%] Meshing curve 12 order 2
Info    : [ 70%] Meshing surface 1 order 2
Info    : [ 70%] Meshing surface 2 order 2
Info    : [ 80%] Meshing surface 3 order 2
Info    : [ 80%] Meshing surface 4 order 2
Info    : [ 90%] Meshing surface 5 order 2
Info    : [ 90%] Meshing surface 6 order 2
Info    : [100%] Meshing volume 1 order 2
Info    : [100%] Meshing volume 2 order 2
Info    : Surface mesh: worst distortion = 0.797589 (0 elements in ]0, 0.2]); worst gamma = 0.638304
Info    : Volume mesh: worst distortion = 0.268213 (0 elements in ]0, 0.2])
Info    : Done meshing order 2 (Wall 13.2394s, CPU 13.2317s)
Info    : Writing '/home/user/mscr-mom/현서/scripts/contact_scenarios/fea/betagen_mesh_LM75_phiP150_d10_05.inp'...
Info    : Done writing '/home/user/mscr-mom/현서/scripts/contact_scenarios/fea/betagen_mesh_LM75_phiP150_d10_05.inp'
  [LM75_phiP150_d10] [실패] (1260.0s)
[LM75_phiP150_d10 6/14] L_M=75.0, phi=150.0, beta=135.0, s=60.0mm, depth=0.1mm ...
Info    : Meshing 1D...
Info    : [  0%] Meshing curve 1 (BSpline)
Info    : [ 10%] Meshing curve 2 (Ellipse)
Info    : [ 20%] Meshing curve 3 (Ellipse)
Info    : [ 30%] Meshing curve 4 (BSpline)
Info    : [ 40%] Meshing curve 5 (BSpline)
Info    : [ 50%] Meshing curve 6 (BSpline)
Info    : [ 60%] Meshing curve 7 (BSpline)
Info    : [ 60%] Meshing curve 8 (BSpline)
Info    : [ 70%] Meshing curve 9 (BSpline)
Info    : [ 90%] Meshing curve 11 (Circle)
Info    : Done meshing 1D (Wall 0.0189891s, CPU 0.018948s)
Info    : Meshing 2D...
Info    : [  0%] Meshing surface 1 (Plane, Frontal-Delaunay)
Info    : [ 20%] Meshing surface 2 (Plane, Frontal-Delaunay)
Info    : [ 40%] Meshing surface 3 (BSpline surface, Frontal-Delaunay)
Info    : [ 60%] Meshing surface 4 (BSpline surface, Frontal-Delaunay)
Info    : [ 70%] Meshing surface 5 (Plane, Frontal-Delaunay)
Info    : [ 90%] Meshing surface 6 (Sphere, Frontal-Delaunay)
Info    : Done meshing 2D (Wall 0.759701s, CPU 0.759397s)
Info    : Meshing 3D...
Info    : 3D Meshing 2 volumes with 2 connected components
Info    : Tetrahedrizing 12487 nodes...
Info    : Done tetrahedrizing 12495 nodes (Wall 0.142008s, CPU 0.132993s)
Info    : Reconstructing mesh...
Info    :  - Creating surface mesh
Info    :  - Identifying boundary edges
Info    :  - Recovering boundary
Info    : Done reconstructing mesh (Wall 0.366296s, CPU 0.346274s)
Info    : Found volume 1
Info    : It. 0 - 0 nodes created - worst tet radius 1.03896 (nodes removed 0 0)
Info    : It. 500 - 500 nodes created - worst tet radius 1.00102 (nodes removed 0 0)
Info    : 3D refinement terminated (13251 nodes total):
Info    :  - 0 Delaunay cavities modified for star shapeness
Info    :  - 0 nodes could not be inserted
Info    :  - 42649 tetrahedra created in 0.031177 sec. (1367965 tets/s)
Info    : 0 node relocations
Info    : Tetrahedrizing 130 nodes...
Info    : Done tetrahedrizing 138 nodes (Wall 0.000739068s, CPU 0.00074s)
Info    : Reconstructing mesh...
Info    :  - Creating surface mesh
Info    :  - Identifying boundary edges
Info    :  - Recovering boundary
Info    : Done reconstructing mesh (Wall 0.00176843s, CPU 0.001771s)
Info    : Found volume 2
Info    : It. 0 - 0 nodes created - worst tet radius 3.03887 (nodes removed 0 0)
Info    : 3D refinement terminated (12697 nodes total):
Info    :  - 0 Delaunay cavities modified for star shapeness
Info    :  - 0 nodes could not be inserted
Info    :  - 487 tetrahedra created in 0.00391094 sec. (124522 tets/s)
Info    : 0 node relocations
Info    : Done meshing 3D (Wall 0.688751s, CPU 0.667691s)
Info    : Optimizing mesh...
Info    : Optimizing volume 1
Info    : Optimization starts (volume = 235.603) with worst = 0.000883265 / average = 0.685716:
Info    : 0.00 < quality < 0.10 :       236 elements
Info    : 0.10 < quality < 0.20 :       356 elements
Info    : 0.20 < quality < 0.30 :       599 elements
Info    : 0.30 < quality < 0.40 :       826 elements
Info    : 0.40 < quality < 0.50 :      1156 elements
Info    : 0.50 < quality < 0.60 :      3846 elements
Info    : 0.60 < quality < 0.70 :     11926 elements
Info    : 0.70 < quality < 0.80 :     19556 elements
Info    : 0.80 < quality < 0.90 :      2203 elements
Info    : 0.90 < quality < 1.00 :      1945 elements
Info    : 1112 edge swaps, 21 node relocations (volume = 235.603): worst = 0.0291094 / average = 0.701141 (Wall 0.0157313s, CPU 0.015731s)
Info    : 1177 edge swaps, 23 node relocations (volume = 235.603): worst = 0.149958 / average = 0.701901 (Wall 0.0193986s, CPU 0.019399s)
Info    : 1178 edge swaps, 24 node relocations (volume = 235.603): worst = 0.149958 / average = 0.701897 (Wall 0.0221051s, CPU 0.022106s)
Info    : No ill-shaped tets in the mesh :-)
Info    : 0.00 < quality < 0.10 :         0 elements
Info    : 0.10 < quality < 0.20 :         2 elements
Info    : 0.20 < quality < 0.30 :         6 elements
Info    : 0.30 < quality < 0.40 :       642 elements
Info    : 0.40 < quality < 0.50 :      1014 elements
Info    : 0.50 < quality < 0.60 :      3964 elements
Info    : 0.60 < quality < 0.70 :     12258 elements
Info    : 0.70 < quality < 0.80 :     19364 elements
Info    : 0.80 < quality < 0.90 :      2368 elements
Info    : 0.90 < quality < 1.00 :      1955 elements
Info    : Optimizing volume 2
Info    : Optimization starts (volume = 0.256435) with worst = 0.191529 / average = 0.744184:
Info    : 0.00 < quality < 0.10 :         0 elements
Info    : 0.10 < quality < 0.20 :         1 elements
Info    : 0.20 < quality < 0.30 :         5 elements
Info    : 0.30 < quality < 0.40 :         7 elements
Info    : 0.40 < quality < 0.50 :        28 elements
Info    : 0.50 < quality < 0.60 :        21 elements
Info    : 0.60 < quality < 0.70 :        72 elements
Info    : 0.70 < quality < 0.80 :       168 elements
Info    : 0.80 < quality < 0.90 :       144 elements
Info    : 0.90 < quality < 1.00 :        41 elements
Info    : 6 edge swaps, 0 node relocations (volume = 0.256435): worst = 0.347362 / average = 0.751388 (Wall 0.000109307s, CPU 0.000111s)
Info    : No ill-shaped tets in the mesh :-)
Info    : 0.00 < quality < 0.10 :         0 elements
Info    : 0.10 < quality < 0.20 :         0 elements
Info    : 0.20 < quality < 0.30 :         0 elements
Info    : 0.30 < quality < 0.40 :         7 elements
Info    : 0.40 < quality < 0.50 :        25 elements
Info    : 0.50 < quality < 0.60 :        22 elements
Info    : 0.60 < quality < 0.70 :        74 elements
Info    : 0.70 < quality < 0.80 :       170 elements
Info    : 0.80 < quality < 0.90 :       143 elements
Info    : 0.90 < quality < 1.00 :        41 elements
Info    : Done optimizing mesh (Wall 0.0490595s, CPU 0.049057s)
Info    : 13650 nodes 68508 elements
Info    : Meshing order 2 (curvilinear on)...
Info    : [  0%] Meshing curve 1 order 2
Info    : [ 10%] Meshing curve 2 order 2
Info    : [ 20%] Meshing curve 3 order 2
Info    : [ 20%] Meshing curve 4 order 2
Info    : [ 30%] Meshing curve 5 order 2
Info    : [ 30%] Meshing curve 6 order 2
Info    : [ 40%] Meshing curve 7 order 2
Info    : [ 40%] Meshing curve 8 order 2
Info    : [ 50%] Meshing curve 9 order 2
Info    : [ 50%] Meshing curve 10 order 2
Info    : [ 60%] Meshing curve 11 order 2
Info    : [ 60%] Meshing curve 12 order 2
Info    : [ 70%] Meshing surface 1 order 2
Info    : [ 70%] Meshing surface 2 order 2
Info    : [ 80%] Meshing surface 3 order 2
Info    : [ 80%] Meshing surface 4 order 2
Info    : [ 90%] Meshing surface 5 order 2
Info    : [ 90%] Meshing surface 6 order 2
Info    : [100%] Meshing volume 1 order 2
Info    : [100%] Meshing volume 2 order 2
Info    : Surface mesh: worst distortion = 0.797589 (0 elements in ]0, 0.2]); worst gamma = 0.638304
Info    : Volume mesh: worst distortion = 0.268213 (0 elements in ]0, 0.2])
Info    : Done meshing order 2 (Wall 12.1207s, CPU 12.112s)
Info    : Writing '/home/user/mscr-mom/현서/scripts/contact_scenarios/fea/betagen_mesh_LM75_phiP150_d10_06.inp'...
Info    : Done writing '/home/user/mscr-mom/현서/scripts/contact_scenarios/fea/betagen_mesh_LM75_phiP150_d10_06.inp'
  [LM75_phiP150_d10] F_mag=0.0011mN  (201.3s)
[LM75_phiP150_d10 7/14] L_M=75.0, phi=150.0, beta=180.0, s=30.0mm, depth=0.1mm ...
Info    : Meshing 1D...
Info    : [  0%] Meshing curve 1 (BSpline)
Info    : [ 10%] Meshing curve 2 (Ellipse)
Info    : [ 20%] Meshing curve 3 (Ellipse)
Info    : [ 30%] Meshing curve 4 (BSpline)
Info    : [ 40%] Meshing curve 5 (BSpline)
Info    : [ 50%] Meshing curve 6 (BSpline)
Info    : [ 60%] Meshing curve 7 (BSpline)
Info    : [ 60%] Meshing curve 8 (BSpline)
Info    : [ 70%] Meshing curve 9 (BSpline)
Info    : [ 90%] Meshing curve 11 (Circle)
Info    : Done meshing 1D (Wall 0.0222396s, CPU 0.022219s)
Info    : Meshing 2D...
Info    : [  0%] Meshing surface 1 (Plane, Frontal-Delaunay)
Info    : [ 20%] Meshing surface 2 (Plane, Frontal-Delaunay)
Info    : [ 40%] Meshing surface 3 (BSpline surface, Frontal-Delaunay)
Info    : [ 60%] Meshing surface 4 (BSpline surface, Frontal-Delaunay)
Info    : [ 70%] Meshing surface 5 (Plane, Frontal-Delaunay)
Info    : [ 90%] Meshing surface 6 (Sphere, Frontal-Delaunay)
Info    : Done meshing 2D (Wall 0.764045s, CPU 0.763966s)
Info    : Meshing 3D...
Info    : 3D Meshing 2 volumes with 2 connected components
Info    : Tetrahedrizing 12487 nodes...
Info    : Done tetrahedrizing 12495 nodes (Wall 0.137664s, CPU 0.129665s)
Info    : Reconstructing mesh...
Info    :  - Creating surface mesh
Info    :  - Identifying boundary edges
Info    :  - Recovering boundary
Info    : Done reconstructing mesh (Wall 0.345991s, CPU 0.330965s)
Info    : Found volume 1
Info    : It. 0 - 0 nodes created - worst tet radius 1.03896 (nodes removed 0 0)
Info    : It. 500 - 500 nodes created - worst tet radius 1.00102 (nodes removed 0 0)
Info    : 3D refinement terminated (13252 nodes total):
Info    :  - 0 Delaunay cavities modified for star shapeness
Info    :  - 0 nodes could not be inserted
Info    :  - 42649 tetrahedra created in 0.0249123 sec. (1711964 tets/s)
Info    : 0 node relocations
Info    : Tetrahedrizing 131 nodes...
Info    : Done tetrahedrizing 139 nodes (Wall 0.000751678s, CPU 0.000752s)
Info    : Reconstructing mesh...
Info    :  - Creating surface mesh
Info    :  - Identifying boundary edges
Info    :  - Recovering boundary
Info    : Done reconstructing mesh (Wall 0.00171338s, CPU 0.001716s)
Info    : Found volume 2
Info    : It. 0 - 0 nodes created - worst tet radius 3.13238 (nodes removed 0 0)
Info    : 3D refinement terminated (12703 nodes total):
Info    :  - 0 Delaunay cavities modified for star shapeness
Info    :  - 0 nodes could not be inserted
Info    :  - 530 tetrahedra created in 0.00281379 sec. (188358 tets/s)
Info    : 0 node relocations
Info    : Done meshing 3D (Wall 0.625537s, CPU 0.610491s)
Info    : Optimizing mesh...
Info    : Optimizing volume 1
Info    : Optimization starts (volume = 235.603) with worst = 0.000883265 / average = 0.685716:
Info    : 0.00 < quality < 0.10 :       236 elements
Info    : 0.10 < quality < 0.20 :       356 elements
Info    : 0.20 < quality < 0.30 :       599 elements
Info    : 0.30 < quality < 0.40 :       826 elements
Info    : 0.40 < quality < 0.50 :      1156 elements
Info    : 0.50 < quality < 0.60 :      3846 elements
Info    : 0.60 < quality < 0.70 :     11926 elements
Info    : 0.70 < quality < 0.80 :     19556 elements
Info    : 0.80 < quality < 0.90 :      2203 elements
Info    : 0.90 < quality < 1.00 :      1945 elements
Info    : 1112 edge swaps, 21 node relocations (volume = 235.603): worst = 0.0291094 / average = 0.701141 (Wall 0.0170584s, CPU 0.017049s)
Info    : 1177 edge swaps, 23 node relocations (volume = 235.603): worst = 0.149958 / average = 0.701901 (Wall 0.0220331s, CPU 0.022025s)
Info    : 1178 edge swaps, 24 node relocations (volume = 235.603): worst = 0.149958 / average = 0.701897 (Wall 0.025016s, CPU 0.025008s)
Info    : No ill-shaped tets in the mesh :-)
Info    : 0.00 < quality < 0.10 :         0 elements
Info    : 0.10 < quality < 0.20 :         2 elements
Info    : 0.20 < quality < 0.30 :         6 elements
Info    : 0.30 < quality < 0.40 :       642 elements
Info    : 0.40 < quality < 0.50 :      1014 elements
Info    : 0.50 < quality < 0.60 :      3964 elements
Info    : 0.60 < quality < 0.70 :     12258 elements
Info    : 0.70 < quality < 0.80 :     19364 elements
Info    : 0.80 < quality < 0.90 :      2368 elements
Info    : 0.90 < quality < 1.00 :      1955 elements
Info    : Optimizing volume 2
Info    : Optimization starts (volume = 0.256422) with worst = 0.122292 / average = 0.743468:
Info    : 0.00 < quality < 0.10 :         0 elements
Info    : 0.10 < quality < 0.20 :         7 elements
Info    : 0.20 < quality < 0.30 :         5 elements
Info    : 0.30 < quality < 0.40 :        11 elements
Info    : 0.40 < quality < 0.50 :        19 elements
Info    : 0.50 < quality < 0.60 :        29 elements
Info    : 0.60 < quality < 0.70 :        79 elements
Info    : 0.70 < quality < 0.80 :       163 elements
Info    : 0.80 < quality < 0.90 :       167 elements
Info    : 0.90 < quality < 1.00 :        50 elements
Info    : 12 edge swaps, 0 node relocations (volume = 0.256422): worst = 0.303237 / average = 0.755671 (Wall 0.000141857s, CPU 0.000143s)
Info    : No ill-shaped tets in the mesh :-)
Info    : 0.00 < quality < 0.10 :         0 elements
Info    : 0.10 < quality < 0.20 :         0 elements
Info    : 0.20 < quality < 0.30 :         0 elements
Info    : 0.30 < quality < 0.40 :        12 elements
Info    : 0.40 < quality < 0.50 :        19 elements
Info    : 0.50 < quality < 0.60 :        25 elements
Info    : 0.60 < quality < 0.70 :        85 elements
Info    : 0.70 < quality < 0.80 :       161 elements
Info    : 0.80 < quality < 0.90 :       168 elements
Info    : 0.90 < quality < 1.00 :        50 elements
Info    : Done optimizing mesh (Wall 0.0592953s, CPU 0.059286s)
Info    : 13656 nodes 68548 elements
Info    : Meshing order 2 (curvilinear on)...
Info    : [  0%] Meshing curve 1 order 2
Info    : [ 10%] Meshing curve 2 order 2
Info    : [ 20%] Meshing curve 3 order 2
Info    : [ 20%] Meshing curve 4 order 2
Info    : [ 30%] Meshing curve 5 order 2
Info    : [ 30%] Meshing curve 6 order 2
Info    : [ 40%] Meshing curve 7 order 2
Info    : [ 40%] Meshing curve 8 order 2
Info    : [ 50%] Meshing curve 9 order 2
Info    : [ 50%] Meshing curve 10 order 2
Info    : [ 60%] Meshing curve 11 order 2
Info    : [ 60%] Meshing curve 12 order 2
Info    : [ 70%] Meshing surface 1 order 2
Info    : [ 70%] Meshing surface 2 order 2
Info    : [ 80%] Meshing surface 3 order 2
Info    : [ 80%] Meshing surface 4 order 2
Info    : [ 90%] Meshing surface 5 order 2
Info    : [ 90%] Meshing surface 6 order 2
Info    : [100%] Meshing volume 1 order 2
Info    : [100%] Meshing volume 2 order 2
Info    : Surface mesh: worst distortion = 0.797589 (0 elements in ]0, 0.2]); worst gamma = 0.638304
Info    : Volume mesh: worst distortion = 0.268213 (0 elements in ]0, 0.2])
Info    : Done meshing order 2 (Wall 12.3351s, CPU 12.3161s)
Info    : Writing '/home/user/mscr-mom/현서/scripts/contact_scenarios/fea/betagen_mesh_LM75_phiP150_d10_07.inp'...
Info    : Done writing '/home/user/mscr-mom/현서/scripts/contact_scenarios/fea/betagen_mesh_LM75_phiP150_d10_07.inp'
  [LM75_phiP150_d10] F_mag=0.0088mN  (150.7s)
[LM75_phiP150_d10 8/14] L_M=75.0, phi=150.0, beta=180.0, s=60.0mm, depth=0.1mm ...
Info    : Meshing 1D...
Info    : [  0%] Meshing curve 1 (BSpline)
Info    : [ 10%] Meshing curve 2 (Ellipse)
Info    : [ 20%] Meshing curve 3 (Ellipse)
Info    : [ 30%] Meshing curve 4 (BSpline)
Info    : [ 40%] Meshing curve 5 (BSpline)
Info    : [ 50%] Meshing curve 6 (BSpline)
Info    : [ 60%] Meshing curve 7 (BSpline)
Info    : [ 60%] Meshing curve 8 (BSpline)
Info    : [ 70%] Meshing curve 9 (BSpline)
Info    : [ 90%] Meshing curve 11 (Circle)
Info    : Done meshing 1D (Wall 0.0189559s, CPU 0.018955s)
Info    : Meshing 2D...
Info    : [  0%] Meshing surface 1 (Plane, Frontal-Delaunay)
Info    : [ 20%] Meshing surface 2 (Plane, Frontal-Delaunay)
Info    : [ 40%] Meshing surface 3 (BSpline surface, Frontal-Delaunay)
Info    : [ 60%] Meshing surface 4 (BSpline surface, Frontal-Delaunay)
Info    : [ 70%] Meshing surface 5 (Plane, Frontal-Delaunay)
Info    : [ 90%] Meshing surface 6 (Sphere, Frontal-Delaunay)
Info    : Done meshing 2D (Wall 0.775897s, CPU 0.775169s)
Info    : Meshing 3D...
Info    : 3D Meshing 2 volumes with 2 connected components
Info    : Tetrahedrizing 12487 nodes...
Info    : Done tetrahedrizing 12495 nodes (Wall 0.138728s, CPU 0.124729s)
Info    : Reconstructing mesh...
Info    :  - Creating surface mesh
Info    :  - Identifying boundary edges
Info    :  - Recovering boundary
Info    : Done reconstructing mesh (Wall 0.362294s, CPU 0.334291s)
Info    : Found volume 1
Info    : It. 0 - 0 nodes created - worst tet radius 1.03896 (nodes removed 0 0)
Info    : It. 500 - 500 nodes created - worst tet radius 1.00102 (nodes removed 0 0)
Info    : 3D refinement terminated (13251 nodes total):
Info    :  - 0 Delaunay cavities modified for star shapeness
Info    :  - 0 nodes could not be inserted
Info    :  - 42649 tetrahedra created in 0.0335445 sec. (1271415 tets/s)
Info    : 0 node relocations
Info    : Tetrahedrizing 130 nodes...
Info    : Done tetrahedrizing 138 nodes (Wall 0.000743976s, CPU 0.000744s)
Info    : Reconstructing mesh...
Info    :  - Creating surface mesh
Info    :  - Identifying boundary edges
Info    :  - Recovering boundary
Info    : Done reconstructing mesh (Wall 0.00185968s, CPU 0.001862s)
Info    : Found volume 2
Info    : It. 0 - 0 nodes created - worst tet radius 3.03887 (nodes removed 0 0)
Info    : 3D refinement terminated (12697 nodes total):
Info    :  - 0 Delaunay cavities modified for star shapeness
Info    :  - 0 nodes could not be inserted
Info    :  - 487 tetrahedra created in 0.00626133 sec. (77779 tets/s)
Info    : 0 node relocations
Info    : Done meshing 3D (Wall 0.677928s, CPU 0.649909s)
Info    : Optimizing mesh...
Info    : Optimizing volume 1
Info    : Optimization starts (volume = 235.603) with worst = 0.000883265 / average = 0.685716:
Info    : 0.00 < quality < 0.10 :       236 elements
Info    : 0.10 < quality < 0.20 :       356 elements
Info    : 0.20 < quality < 0.30 :       599 elements
Info    : 0.30 < quality < 0.40 :       826 elements
Info    : 0.40 < quality < 0.50 :      1156 elements
Info    : 0.50 < quality < 0.60 :      3846 elements
Info    : 0.60 < quality < 0.70 :     11926 elements
Info    : 0.70 < quality < 0.80 :     19556 elements
Info    : 0.80 < quality < 0.90 :      2203 elements
Info    : 0.90 < quality < 1.00 :      1945 elements
Info    : 1112 edge swaps, 21 node relocations (volume = 235.603): worst = 0.0291094 / average = 0.701141 (Wall 0.0147039s, CPU 0.014703s)
Info    : 1177 edge swaps, 23 node relocations (volume = 235.603): worst = 0.149958 / average = 0.701901 (Wall 0.0191721s, CPU 0.01917s)
Info    : 1178 edge swaps, 24 node relocations (volume = 235.603): worst = 0.149958 / average = 0.701897 (Wall 0.0219332s, CPU 0.020934s)
Info    : No ill-shaped tets in the mesh :-)
Info    : 0.00 < quality < 0.10 :         0 elements
Info    : 0.10 < quality < 0.20 :         2 elements
Info    : 0.20 < quality < 0.30 :         6 elements
Info    : 0.30 < quality < 0.40 :       642 elements
Info    : 0.40 < quality < 0.50 :      1014 elements
Info    : 0.50 < quality < 0.60 :      3964 elements
Info    : 0.60 < quality < 0.70 :     12258 elements
Info    : 0.70 < quality < 0.80 :     19364 elements
Info    : 0.80 < quality < 0.90 :      2368 elements
Info    : 0.90 < quality < 1.00 :      1955 elements
Info    : Optimizing volume 2
Info    : Optimization starts (volume = 0.256435) with worst = 0.191529 / average = 0.744184:
Info    : 0.00 < quality < 0.10 :         0 elements
Info    : 0.10 < quality < 0.20 :         1 elements
Info    : 0.20 < quality < 0.30 :         5 elements
Info    : 0.30 < quality < 0.40 :         7 elements
Info    : 0.40 < quality < 0.50 :        28 elements
Info    : 0.50 < quality < 0.60 :        21 elements
Info    : 0.60 < quality < 0.70 :        72 elements
Info    : 0.70 < quality < 0.80 :       168 elements
Info    : 0.80 < quality < 0.90 :       144 elements
Info    : 0.90 < quality < 1.00 :        41 elements
Info    : 6 edge swaps, 0 node relocations (volume = 0.256435): worst = 0.347362 / average = 0.751388 (Wall 9.67481e-05s, CPU 9.8e-05s)
Info    : No ill-shaped tets in the mesh :-)
Info    : 0.00 < quality < 0.10 :         0 elements
Info    : 0.10 < quality < 0.20 :         0 elements
Info    : 0.20 < quality < 0.30 :         0 elements
Info    : 0.30 < quality < 0.40 :         7 elements
Info    : 0.40 < quality < 0.50 :        25 elements
Info    : 0.50 < quality < 0.60 :        22 elements
Info    : 0.60 < quality < 0.70 :        74 elements
Info    : 0.70 < quality < 0.80 :       170 elements
Info    : 0.80 < quality < 0.90 :       143 elements
Info    : 0.90 < quality < 1.00 :        41 elements
Info    : Done optimizing mesh (Wall 0.0540938s, CPU 0.053093s)
Info    : 13650 nodes 68508 elements
Info    : Meshing order 2 (curvilinear on)...
Info    : [  0%] Meshing curve 1 order 2
Info    : [ 10%] Meshing curve 2 order 2
Info    : [ 20%] Meshing curve 3 order 2
Info    : [ 20%] Meshing curve 4 order 2
Info    : [ 30%] Meshing curve 5 order 2
Info    : [ 30%] Meshing curve 6 order 2
Info    : [ 40%] Meshing curve 7 order 2
Info    : [ 40%] Meshing curve 8 order 2
Info    : [ 50%] Meshing curve 9 order 2
Info    : [ 50%] Meshing curve 10 order 2
Info    : [ 60%] Meshing curve 11 order 2
Info    : [ 60%] Meshing curve 12 order 2
Info    : [ 70%] Meshing surface 1 order 2
Info    : [ 70%] Meshing surface 2 order 2
Info    : [ 80%] Meshing surface 3 order 2
Info    : [ 80%] Meshing surface 4 order 2
Info    : [ 90%] Meshing surface 5 order 2
Info    : [ 90%] Meshing surface 6 order 2
Info    : [100%] Meshing volume 1 order 2
Info    : [100%] Meshing volume 2 order 2
Info    : Surface mesh: worst distortion = 0.797589 (0 elements in ]0, 0.2]); worst gamma = 0.638304
Info    : Volume mesh: worst distortion = 0.268213 (0 elements in ]0, 0.2])
Info    : Done meshing order 2 (Wall 12.1521s, CPU 12.138s)
Info    : Writing '/home/user/mscr-mom/현서/scripts/contact_scenarios/fea/betagen_mesh_LM75_phiP150_d10_08.inp'...
Info    : Done writing '/home/user/mscr-mom/현서/scripts/contact_scenarios/fea/betagen_mesh_LM75_phiP150_d10_08.inp'
  [LM75_phiP150_d10] F_mag=0.0011mN  (153.4s)
[LM75_phiP150_d10 9/14] L_M=75.0, phi=150.0, beta=225.0, s=30.0mm, depth=0.1mm ...
Info    : Meshing 1D...
Info    : [  0%] Meshing curve 1 (BSpline)
Info    : [ 10%] Meshing curve 2 (Ellipse)
Info    : [ 20%] Meshing curve 3 (Ellipse)
Info    : [ 30%] Meshing curve 4 (BSpline)
Info    : [ 40%] Meshing curve 5 (BSpline)
Info    : [ 50%] Meshing curve 6 (BSpline)
Info    : [ 60%] Meshing curve 7 (BSpline)
Info    : [ 60%] Meshing curve 8 (BSpline)
Info    : [ 70%] Meshing curve 9 (BSpline)
Info    : [ 90%] Meshing curve 11 (Circle)
Info    : Done meshing 1D (Wall 0.0194517s, CPU 0.019412s)
Info    : Meshing 2D...
Info    : [  0%] Meshing surface 1 (Plane, Frontal-Delaunay)
Info    : [ 20%] Meshing surface 2 (Plane, Frontal-Delaunay)
Info    : [ 40%] Meshing surface 3 (BSpline surface, Frontal-Delaunay)
Info    : [ 60%] Meshing surface 4 (BSpline surface, Frontal-Delaunay)
Info    : [ 70%] Meshing surface 5 (Plane, Frontal-Delaunay)
Info    : [ 90%] Meshing surface 6 (Sphere, Frontal-Delaunay)
Info    : Done meshing 2D (Wall 0.785181s, CPU 0.784986s)
Info    : Meshing 3D...
Info    : 3D Meshing 2 volumes with 2 connected components
Info    : Tetrahedrizing 12487 nodes...
Info    : Done tetrahedrizing 12495 nodes (Wall 0.138972s, CPU 0.13497s)
Info    : Reconstructing mesh...
Info    :  - Creating surface mesh
Info    :  - Identifying boundary edges
Info    :  - Recovering boundary
Info    : Done reconstructing mesh (Wall 0.36798s, CPU 0.358975s)
Info    : Found volume 1
Info    : It. 0 - 0 nodes created - worst tet radius 1.03896 (nodes removed 0 0)
Info    : It. 500 - 500 nodes created - worst tet radius 1.00102 (nodes removed 0 0)
Info    : 3D refinement terminated (13252 nodes total):
Info    :  - 0 Delaunay cavities modified for star shapeness
Info    :  - 0 nodes could not be inserted
Info    :  - 42649 tetrahedra created in 0.0323074 sec. (1320099 tets/s)
Info    : 0 node relocations
Info    : Tetrahedrizing 131 nodes...
Info    : Done tetrahedrizing 139 nodes (Wall 0.000782345s, CPU 0.000783s)
Info    : Reconstructing mesh...
Info    :  - Creating surface mesh
Info    :  - Identifying boundary edges
Info    :  - Recovering boundary
Info    : Done reconstructing mesh (Wall 0.00184967s, CPU 0.00185s)
Info    : Found volume 2
Info    : It. 0 - 0 nodes created - worst tet radius 3.13238 (nodes removed 0 0)
Info    : 3D refinement terminated (12703 nodes total):
Info    :  - 0 Delaunay cavities modified for star shapeness
Info    :  - 0 nodes could not be inserted
Info    :  - 530 tetrahedra created in 0.00591386 sec. (89619 tets/s)
Info    : 0 node relocations
Info    : Done meshing 3D (Wall 0.698561s, CPU 0.689532s)
Info    : Optimizing mesh...
Info    : Optimizing volume 1
Info    : Optimization starts (volume = 235.603) with worst = 0.000883265 / average = 0.685716:
Info    : 0.00 < quality < 0.10 :       236 elements
Info    : 0.10 < quality < 0.20 :       356 elements
Info    : 0.20 < quality < 0.30 :       599 elements
Info    : 0.30 < quality < 0.40 :       826 elements
Info    : 0.40 < quality < 0.50 :      1156 elements
Info    : 0.50 < quality < 0.60 :      3846 elements
Info    : 0.60 < quality < 0.70 :     11926 elements
Info    : 0.70 < quality < 0.80 :     19556 elements
Info    : 0.80 < quality < 0.90 :      2203 elements
Info    : 0.90 < quality < 1.00 :      1945 elements
Info    : 1112 edge swaps, 21 node relocations (volume = 235.603): worst = 0.0291094 / average = 0.701141 (Wall 0.0130708s, CPU 0.013072s)
Info    : 1177 edge swaps, 23 node relocations (volume = 235.603): worst = 0.149958 / average = 0.701901 (Wall 0.0159206s, CPU 0.014924s)
Info    : 1178 edge swaps, 24 node relocations (volume = 235.603): worst = 0.149958 / average = 0.701897 (Wall 0.0179033s, CPU 0.016908s)
Info    : No ill-shaped tets in the mesh :-)
Info    : 0.00 < quality < 0.10 :         0 elements
Info    : 0.10 < quality < 0.20 :         2 elements
Info    : 0.20 < quality < 0.30 :         6 elements
Info    : 0.30 < quality < 0.40 :       642 elements
Info    : 0.40 < quality < 0.50 :      1014 elements
Info    : 0.50 < quality < 0.60 :      3964 elements
Info    : 0.60 < quality < 0.70 :     12258 elements
Info    : 0.70 < quality < 0.80 :     19364 elements
Info    : 0.80 < quality < 0.90 :      2368 elements
Info    : 0.90 < quality < 1.00 :      1955 elements
Info    : Optimizing volume 2
Info    : Optimization starts (volume = 0.256422) with worst = 0.122292 / average = 0.743468:
Info    : 0.00 < quality < 0.10 :         0 elements
Info    : 0.10 < quality < 0.20 :         7 elements
Info    : 0.20 < quality < 0.30 :         5 elements
Info    : 0.30 < quality < 0.40 :        11 elements
Info    : 0.40 < quality < 0.50 :        19 elements
Info    : 0.50 < quality < 0.60 :        29 elements
Info    : 0.60 < quality < 0.70 :        79 elements
Info    : 0.70 < quality < 0.80 :       163 elements
Info    : 0.80 < quality < 0.90 :       167 elements
Info    : 0.90 < quality < 1.00 :        50 elements
Info    : 12 edge swaps, 0 node relocations (volume = 0.256422): worst = 0.303237 / average = 0.755671 (Wall 0.000149929s, CPU 0.000151s)
Info    : No ill-shaped tets in the mesh :-)
Info    : 0.00 < quality < 0.10 :         0 elements
Info    : 0.10 < quality < 0.20 :         0 elements
Info    : 0.20 < quality < 0.30 :         0 elements
Info    : 0.30 < quality < 0.40 :        12 elements
Info    : 0.40 < quality < 0.50 :        19 elements
Info    : 0.50 < quality < 0.60 :        25 elements
Info    : 0.60 < quality < 0.70 :        85 elements
Info    : 0.70 < quality < 0.80 :       161 elements
Info    : 0.80 < quality < 0.90 :       168 elements
Info    : 0.90 < quality < 1.00 :        50 elements
Info    : Done optimizing mesh (Wall 0.0453174s, CPU 0.044319s)
Info    : 13656 nodes 68548 elements
Info    : Meshing order 2 (curvilinear on)...
Info    : [  0%] Meshing curve 1 order 2
Info    : [ 10%] Meshing curve 2 order 2
Info    : [ 20%] Meshing curve 3 order 2
Info    : [ 20%] Meshing curve 4 order 2
Info    : [ 30%] Meshing curve 5 order 2
Info    : [ 30%] Meshing curve 6 order 2
Info    : [ 40%] Meshing curve 7 order 2
Info    : [ 40%] Meshing curve 8 order 2
Info    : [ 50%] Meshing curve 9 order 2
Info    : [ 50%] Meshing curve 10 order 2
Info    : [ 60%] Meshing curve 11 order 2
Info    : [ 60%] Meshing curve 12 order 2
Info    : [ 70%] Meshing surface 1 order 2
Info    : [ 70%] Meshing surface 2 order 2
Info    : [ 80%] Meshing surface 3 order 2
Info    : [ 80%] Meshing surface 4 order 2
Info    : [ 90%] Meshing surface 5 order 2
Info    : [ 90%] Meshing surface 6 order 2
Info    : [100%] Meshing volume 1 order 2
Info    : [100%] Meshing volume 2 order 2
Info    : Surface mesh: worst distortion = 0.797589 (0 elements in ]0, 0.2]); worst gamma = 0.638304
Info    : Volume mesh: worst distortion = 0.268213 (0 elements in ]0, 0.2])
Info    : Done meshing order 2 (Wall 12.4353s, CPU 12.4239s)
Info    : Writing '/home/user/mscr-mom/현서/scripts/contact_scenarios/fea/betagen_mesh_LM75_phiP150_d10_09.inp'...
Info    : Done writing '/home/user/mscr-mom/현서/scripts/contact_scenarios/fea/betagen_mesh_LM75_phiP150_d10_09.inp'
  [LM75_phiP150_d10] F_mag=0.0086mN  (258.3s)
[LM75_phiP150_d10 10/14] L_M=75.0, phi=150.0, beta=225.0, s=60.0mm, depth=0.1mm ...
Info    : Meshing 1D...
Info    : [  0%] Meshing curve 1 (BSpline)
Info    : [ 10%] Meshing curve 2 (Ellipse)
Info    : [ 20%] Meshing curve 3 (Ellipse)
Info    : [ 30%] Meshing curve 4 (BSpline)
Info    : [ 40%] Meshing curve 5 (BSpline)
Info    : [ 50%] Meshing curve 6 (BSpline)
Info    : [ 60%] Meshing curve 7 (BSpline)
Info    : [ 60%] Meshing curve 8 (BSpline)
Info    : [ 70%] Meshing curve 9 (BSpline)
Info    : [ 90%] Meshing curve 11 (Circle)
Info    : Done meshing 1D (Wall 0.0190183s, CPU 0.018989s)
Info    : Meshing 2D...
Info    : [  0%] Meshing surface 1 (Plane, Frontal-Delaunay)
Info    : [ 20%] Meshing surface 2 (Plane, Frontal-Delaunay)
Info    : [ 40%] Meshing surface 3 (BSpline surface, Frontal-Delaunay)
Info    : [ 60%] Meshing surface 4 (BSpline surface, Frontal-Delaunay)
Info    : [ 70%] Meshing surface 5 (Plane, Frontal-Delaunay)
Info    : [ 90%] Meshing surface 6 (Sphere, Frontal-Delaunay)
Info    : Done meshing 2D (Wall 0.847367s, CPU 0.838967s)
Info    : Meshing 3D...
Info    : 3D Meshing 2 volumes with 2 connected components
Info    : Tetrahedrizing 12487 nodes...
Info    : Done tetrahedrizing 12495 nodes (Wall 0.160883s, CPU 0.142863s)
Info    : Reconstructing mesh...
Info    :  - Creating surface mesh
Info    :  - Identifying boundary edges
Info    :  - Recovering boundary
Info    : Done reconstructing mesh (Wall 0.399486s, CPU 0.371489s)
Info    : Found volume 1
Info    : It. 0 - 0 nodes created - worst tet radius 1.03896 (nodes removed 0 0)
Info    : It. 500 - 500 nodes created - worst tet radius 1.00102 (nodes removed 0 0)
Info    : 3D refinement terminated (13252 nodes total):
Info    :  - 0 Delaunay cavities modified for star shapeness
Info    :  - 0 nodes could not be inserted
Info    :  - 42649 tetrahedra created in 0.0330649 sec. (1289857 tets/s)
Info    : 0 node relocations
Info    : Tetrahedrizing 131 nodes...
Info    : Done tetrahedrizing 139 nodes (Wall 0.000798563s, CPU 0.0008s)
Info    : Reconstructing mesh...
Info    :  - Creating surface mesh
Info    :  - Identifying boundary edges
Info    :  - Recovering boundary
Info    : Done reconstructing mesh (Wall 0.0020277s, CPU 0.002031s)
Info    : Found volume 2
Info    : It. 0 - 0 nodes created - worst tet radius 3.13495 (nodes removed 0 0)
Info    : 3D refinement terminated (12699 nodes total):
Info    :  - 0 Delaunay cavities modified for star shapeness
Info    :  - 0 nodes could not be inserted
Info    :  - 505 tetrahedra created in 0.00551904 sec. (91501 tets/s)
Info    : 0 node relocations
Info    : Done meshing 3D (Wall 0.728873s, CPU 0.700703s)
Info    : Optimizing mesh...
Info    : Optimizing volume 1
Info    : Optimization starts (volume = 235.603) with worst = 0.000883265 / average = 0.685716:
Info    : 0.00 < quality < 0.10 :       236 elements
Info    : 0.10 < quality < 0.20 :       356 elements
Info    : 0.20 < quality < 0.30 :       599 elements
Info    : 0.30 < quality < 0.40 :       826 elements
Info    : 0.40 < quality < 0.50 :      1156 elements
Info    : 0.50 < quality < 0.60 :      3846 elements
Info    : 0.60 < quality < 0.70 :     11926 elements
Info    : 0.70 < quality < 0.80 :     19556 elements
Info    : 0.80 < quality < 0.90 :      2203 elements
Info    : 0.90 < quality < 1.00 :      1945 elements
Info    : 1112 edge swaps, 21 node relocations (volume = 235.603): worst = 0.0291094 / average = 0.701141 (Wall 0.0194457s, CPU 0.019448s)
Info    : 1177 edge swaps, 23 node relocations (volume = 235.603): worst = 0.149958 / average = 0.701901 (Wall 0.0223194s, CPU 0.022323s)
Info    : 1178 edge swaps, 24 node relocations (volume = 235.603): worst = 0.149958 / average = 0.701897 (Wall 0.0243214s, CPU 0.024325s)
Info    : No ill-shaped tets in the mesh :-)
Info    : 0.00 < quality < 0.10 :         0 elements
Info    : 0.10 < quality < 0.20 :         2 elements
Info    : 0.20 < quality < 0.30 :         6 elements
Info    : 0.30 < quality < 0.40 :       642 elements
Info    : 0.40 < quality < 0.50 :      1014 elements
Info    : 0.50 < quality < 0.60 :      3964 elements
Info    : 0.60 < quality < 0.70 :     12258 elements
Info    : 0.70 < quality < 0.80 :     19364 elements
Info    : 0.80 < quality < 0.90 :      2368 elements
Info    : 0.90 < quality < 1.00 :      1955 elements
Info    : Optimizing volume 2
Info    : Optimization starts (volume = 0.25645) with worst = 0.0401763 / average = 0.729053:
Info    : 0.00 < quality < 0.10 :         2 elements
Info    : 0.10 < quality < 0.20 :         5 elements
Info    : 0.20 < quality < 0.30 :         4 elements
Info    : 0.30 < quality < 0.40 :        16 elements
Info    : 0.40 < quality < 0.50 :        22 elements
Info    : 0.50 < quality < 0.60 :        29 elements
Info    : 0.60 < quality < 0.70 :        68 elements
Info    : 0.70 < quality < 0.80 :       187 elements
Info    : 0.80 < quality < 0.90 :       128 elements
Info    : 0.90 < quality < 1.00 :        44 elements
Info    : 11 edge swaps, 0 node relocations (volume = 0.25645): worst = 0.306492 / average = 0.744401 (Wall 0.000123928s, CPU 0.000125s)
Info    : No ill-shaped tets in the mesh :-)
Info    : 0.00 < quality < 0.10 :         0 elements
Info    : 0.10 < quality < 0.20 :         0 elements
Info    : 0.20 < quality < 0.30 :         0 elements
Info    : 0.30 < quality < 0.40 :        16 elements
Info    : 0.40 < quality < 0.50 :        19 elements
Info    : 0.50 < quality < 0.60 :        26 elements
Info    : 0.60 < quality < 0.70 :        70 elements
Info    : 0.70 < quality < 0.80 :       188 elements
Info    : 0.80 < quality < 0.90 :       131 elements
Info    : 0.90 < quality < 1.00 :        44 elements
Info    : Done optimizing mesh (Wall 0.0525828s, CPU 0.052554s)
Info    : 13652 nodes 68522 elements
Info    : Meshing order 2 (curvilinear on)...
Info    : [  0%] Meshing curve 1 order 2
Info    : [ 10%] Meshing curve 2 order 2
Info    : [ 20%] Meshing curve 3 order 2
Info    : [ 20%] Meshing curve 4 order 2
Info    : [ 30%] Meshing curve 5 order 2
Info    : [ 30%] Meshing curve 6 order 2
Info    : [ 40%] Meshing curve 7 order 2
Info    : [ 40%] Meshing curve 8 order 2
Info    : [ 50%] Meshing curve 9 order 2
Info    : [ 50%] Meshing curve 10 order 2
Info    : [ 60%] Meshing curve 11 order 2
Info    : [ 60%] Meshing curve 12 order 2
Info    : [ 70%] Meshing surface 1 order 2
Info    : [ 70%] Meshing surface 2 order 2
Info    : [ 80%] Meshing surface 3 order 2
Info    : [ 80%] Meshing surface 4 order 2
Info    : [ 90%] Meshing surface 5 order 2
Info    : [ 90%] Meshing surface 6 order 2
Info    : [100%] Meshing volume 1 order 2
Info    : [100%] Meshing volume 2 order 2
Info    : Surface mesh: worst distortion = 0.797589 (0 elements in ]0, 0.2]); worst gamma = 0.638304
Info    : Volume mesh: worst distortion = 0.268213 (0 elements in ]0, 0.2])
Info    : Done meshing order 2 (Wall 12.5691s, CPU 12.5215s)
Info    : Writing '/home/user/mscr-mom/현서/scripts/contact_scenarios/fea/betagen_mesh_LM75_phiP150_d10_10.inp'...
Info    : Done writing '/home/user/mscr-mom/현서/scripts/contact_scenarios/fea/betagen_mesh_LM75_phiP150_d10_10.inp'
  [LM75_phiP150_d10] [실패] (738.6s)
[LM75_phiP150_d10 11/14] L_M=75.0, phi=150.0, beta=270.0, s=30.0mm, depth=0.1mm ...
Info    : Meshing 1D...
Info    : [  0%] Meshing curve 1 (BSpline)
Info    : [ 10%] Meshing curve 2 (Ellipse)
Info    : [ 20%] Meshing curve 3 (Ellipse)
Info    : [ 30%] Meshing curve 4 (BSpline)
Info    : [ 40%] Meshing curve 5 (BSpline)
Info    : [ 50%] Meshing curve 6 (BSpline)
Info    : [ 60%] Meshing curve 7 (BSpline)
Info    : [ 60%] Meshing curve 8 (BSpline)
Info    : [ 70%] Meshing curve 9 (BSpline)
Info    : [ 90%] Meshing curve 11 (Circle)
Info    : Done meshing 1D (Wall 0.0189709s, CPU 0.018972s)
Info    : Meshing 2D...
Info    : [  0%] Meshing surface 1 (Plane, Frontal-Delaunay)
Info    : [ 20%] Meshing surface 2 (Plane, Frontal-Delaunay)
Info    : [ 40%] Meshing surface 3 (BSpline surface, Frontal-Delaunay)
Info    : [ 60%] Meshing surface 4 (BSpline surface, Frontal-Delaunay)
Info    : [ 70%] Meshing surface 5 (Plane, Frontal-Delaunay)
Info    : [ 90%] Meshing surface 6 (Sphere, Frontal-Delaunay)
Info    : Done meshing 2D (Wall 0.78142s, CPU 0.781091s)
Info    : Meshing 3D...
Info    : 3D Meshing 2 volumes with 2 connected components
Info    : Tetrahedrizing 12487 nodes...
Info    : Done tetrahedrizing 12495 nodes (Wall 0.161945s, CPU 0.154198s)
Info    : Reconstructing mesh...
Info    :  - Creating surface mesh
Info    :  - Identifying boundary edges
Info    :  - Recovering boundary
Info    : Done reconstructing mesh (Wall 0.410015s, CPU 0.390228s)
Info    : Found volume 1
Info    : It. 0 - 0 nodes created - worst tet radius 1.03896 (nodes removed 0 0)
Info    : It. 500 - 500 nodes created - worst tet radius 1.00102 (nodes removed 0 0)
Info    : 3D refinement terminated (13252 nodes total):
Info    :  - 0 Delaunay cavities modified for star shapeness
Info    :  - 0 nodes could not be inserted
Info    :  - 42649 tetrahedra created in 0.0323557 sec. (1318131 tets/s)
Info    : 0 node relocations
Info    : Tetrahedrizing 131 nodes...
Info    : Done tetrahedrizing 139 nodes (Wall 0.000752607s, CPU 0.000753s)
Info    : Reconstructing mesh...
Info    :  - Creating surface mesh
Info    :  - Identifying boundary edges
Info    :  - Recovering boundary
Info    : Done reconstructing mesh (Wall 0.00180929s, CPU 0.001813s)
Info    : Found volume 2
Info    : It. 0 - 0 nodes created - worst tet radius 3.13238 (nodes removed 0 0)
Info    : 3D refinement terminated (12703 nodes total):
Info    :  - 0 Delaunay cavities modified for star shapeness
Info    :  - 0 nodes could not be inserted
Info    :  - 530 tetrahedra created in 0.0059397 sec. (89230 tets/s)
Info    : 0 node relocations
Info    : Done meshing 3D (Wall 0.726705s, CPU 0.705846s)
Info    : Optimizing mesh...
Info    : Optimizing volume 1
Info    : Optimization starts (volume = 235.603) with worst = 0.000883265 / average = 0.685716:
Info    : 0.00 < quality < 0.10 :       236 elements
Info    : 0.10 < quality < 0.20 :       356 elements
Info    : 0.20 < quality < 0.30 :       599 elements
Info    : 0.30 < quality < 0.40 :       826 elements
Info    : 0.40 < quality < 0.50 :      1156 elements
Info    : 0.50 < quality < 0.60 :      3846 elements
Info    : 0.60 < quality < 0.70 :     11926 elements
Info    : 0.70 < quality < 0.80 :     19556 elements
Info    : 0.80 < quality < 0.90 :      2203 elements
Info    : 0.90 < quality < 1.00 :      1945 elements
Info    : 1112 edge swaps, 21 node relocations (volume = 235.603): worst = 0.0291094 / average = 0.701141 (Wall 0.0153419s, CPU 0.015342s)
Info    : 1177 edge swaps, 23 node relocations (volume = 235.603): worst = 0.149958 / average = 0.701901 (Wall 0.018835s, CPU 0.018836s)
Info    : 1178 edge swaps, 24 node relocations (volume = 235.603): worst = 0.149958 / average = 0.701897 (Wall 0.0214182s, CPU 0.021419s)
Info    : No ill-shaped tets in the mesh :-)
Info    : 0.00 < quality < 0.10 :         0 elements
Info    : 0.10 < quality < 0.20 :         2 elements
Info    : 0.20 < quality < 0.30 :         6 elements
Info    : 0.30 < quality < 0.40 :       642 elements
Info    : 0.40 < quality < 0.50 :      1014 elements
Info    : 0.50 < quality < 0.60 :      3964 elements
Info    : 0.60 < quality < 0.70 :     12258 elements
Info    : 0.70 < quality < 0.80 :     19364 elements
Info    : 0.80 < quality < 0.90 :      2368 elements
Info    : 0.90 < quality < 1.00 :      1955 elements
Info    : Optimizing volume 2
Info    : Optimization starts (volume = 0.256422) with worst = 0.122292 / average = 0.743468:
Info    : 0.00 < quality < 0.10 :         0 elements
Info    : 0.10 < quality < 0.20 :         7 elements
Info    : 0.20 < quality < 0.30 :         5 elements
Info    : 0.30 < quality < 0.40 :        11 elements
Info    : 0.40 < quality < 0.50 :        19 elements
Info    : 0.50 < quality < 0.60 :        29 elements
Info    : 0.60 < quality < 0.70 :        79 elements
Info    : 0.70 < quality < 0.80 :       163 elements
Info    : 0.80 < quality < 0.90 :       167 elements
Info    : 0.90 < quality < 1.00 :        50 elements
Info    : 12 edge swaps, 0 node relocations (volume = 0.256422): worst = 0.303237 / average = 0.755671 (Wall 0.000138381s, CPU 0.00014s)
Info    : No ill-shaped tets in the mesh :-)
Info    : 0.00 < quality < 0.10 :         0 elements
Info    : 0.10 < quality < 0.20 :         0 elements
Info    : 0.20 < quality < 0.30 :         0 elements
Info    : 0.30 < quality < 0.40 :        12 elements
Info    : 0.40 < quality < 0.50 :        19 elements
Info    : 0.50 < quality < 0.60 :        25 elements
Info    : 0.60 < quality < 0.70 :        85 elements
Info    : 0.70 < quality < 0.80 :       161 elements
Info    : 0.80 < quality < 0.90 :       168 elements
Info    : 0.90 < quality < 1.00 :        50 elements
Info    : Done optimizing mesh (Wall 0.0480307s, CPU 0.047038s)
Info    : 13656 nodes 68548 elements
Info    : Meshing order 2 (curvilinear on)...
Info    : [  0%] Meshing curve 1 order 2
Info    : [ 10%] Meshing curve 2 order 2
Info    : [ 20%] Meshing curve 3 order 2
Info    : [ 20%] Meshing curve 4 order 2
Info    : [ 30%] Meshing curve 5 order 2
Info    : [ 30%] Meshing curve 6 order 2
Info    : [ 40%] Meshing curve 7 order 2
Info    : [ 40%] Meshing curve 8 order 2
Info    : [ 50%] Meshing curve 9 order 2
Info    : [ 50%] Meshing curve 10 order 2
Info    : [ 60%] Meshing curve 11 order 2
Info    : [ 60%] Meshing curve 12 order 2
Info    : [ 70%] Meshing surface 1 order 2
Info    : [ 70%] Meshing surface 2 order 2
Info    : [ 80%] Meshing surface 3 order 2
Info    : [ 80%] Meshing surface 4 order 2
Info    : [ 90%] Meshing surface 5 order 2
Info    : [ 90%] Meshing surface 6 order 2
Info    : [100%] Meshing volume 1 order 2
Info    : [100%] Meshing volume 2 order 2
Info    : Surface mesh: worst distortion = 0.797589 (0 elements in ]0, 0.2]); worst gamma = 0.638304
Info    : Volume mesh: worst distortion = 0.268213 (0 elements in ]0, 0.2])
Info    : Done meshing order 2 (Wall 12.5438s, CPU 12.5386s)
Info    : Writing '/home/user/mscr-mom/현서/scripts/contact_scenarios/fea/betagen_mesh_LM75_phiP150_d10_11.inp'...
Info    : Done writing '/home/user/mscr-mom/현서/scripts/contact_scenarios/fea/betagen_mesh_LM75_phiP150_d10_11.inp'
  [LM75_phiP150_d10] F_mag=0.0089mN  (923.1s)
[LM75_phiP150_d10 12/14] L_M=75.0, phi=150.0, beta=270.0, s=60.0mm, depth=0.1mm ...
Info    : Meshing 1D...
Info    : [  0%] Meshing curve 1 (BSpline)
Info    : [ 10%] Meshing curve 2 (Ellipse)
Info    : [ 20%] Meshing curve 3 (Ellipse)
Info    : [ 30%] Meshing curve 4 (BSpline)
Info    : [ 40%] Meshing curve 5 (BSpline)
Info    : [ 50%] Meshing curve 6 (BSpline)
Info    : [ 60%] Meshing curve 7 (BSpline)
Info    : [ 60%] Meshing curve 8 (BSpline)
Info    : [ 70%] Meshing curve 9 (BSpline)
Info    : [ 90%] Meshing curve 11 (Circle)
Info    : Done meshing 1D (Wall 0.0189225s, CPU 0.018889s)
Info    : Meshing 2D...
Info    : [  0%] Meshing surface 1 (Plane, Frontal-Delaunay)
Info    : [ 20%] Meshing surface 2 (Plane, Frontal-Delaunay)
Info    : [ 40%] Meshing surface 3 (BSpline surface, Frontal-Delaunay)
Info    : [ 60%] Meshing surface 4 (BSpline surface, Frontal-Delaunay)
Info    : [ 70%] Meshing surface 5 (Plane, Frontal-Delaunay)
Info    : [ 90%] Meshing surface 6 (Sphere, Frontal-Delaunay)
Info    : Done meshing 2D (Wall 0.777781s, CPU 0.776881s)
Info    : Meshing 3D...
Info    : 3D Meshing 2 volumes with 2 connected components
Info    : Tetrahedrizing 12487 nodes...
Info    : Done tetrahedrizing 12495 nodes (Wall 0.140266s, CPU 0.135271s)
Info    : Reconstructing mesh...
Info    :  - Creating surface mesh
Info    :  - Identifying boundary edges
Info    :  - Recovering boundary
Info    : Done reconstructing mesh (Wall 0.368592s, CPU 0.354576s)
Info    : Found volume 1
Info    : It. 0 - 0 nodes created - worst tet radius 1.03896 (nodes removed 0 0)
Info    : It. 500 - 500 nodes created - worst tet radius 1.00102 (nodes removed 0 0)
Info    : 3D refinement terminated (13251 nodes total):
Info    :  - 0 Delaunay cavities modified for star shapeness
Info    :  - 0 nodes could not be inserted
Info    :  - 42649 tetrahedra created in 0.0374056 sec. (1140176 tets/s)
Info    : 0 node relocations
Info    : Tetrahedrizing 130 nodes...
Info    : Done tetrahedrizing 138 nodes (Wall 0.000750644s, CPU 0.000751s)
Info    : Reconstructing mesh...
Info    :  - Creating surface mesh
Info    :  - Identifying boundary edges
Info    :  - Recovering boundary
Info    : Done reconstructing mesh (Wall 0.00181491s, CPU 0.001817s)
Info    : Found volume 2
Info    : It. 0 - 0 nodes created - worst tet radius 3.03887 (nodes removed 0 0)
Info    : 3D refinement terminated (12697 nodes total):
Info    :  - 0 Delaunay cavities modified for star shapeness
Info    :  - 0 nodes could not be inserted
Info    :  - 487 tetrahedra created in 0.00408722 sec. (119151 tets/s)
Info    : 0 node relocations
Info    : Done meshing 3D (Wall 0.682808s, CPU 0.667752s)
Info    : Optimizing mesh...
Info    : Optimizing volume 1
Info    : Optimization starts (volume = 235.603) with worst = 0.000883265 / average = 0.685716:
Info    : 0.00 < quality < 0.10 :       236 elements
Info    : 0.10 < quality < 0.20 :       356 elements
Info    : 0.20 < quality < 0.30 :       599 elements
Info    : 0.30 < quality < 0.40 :       826 elements
Info    : 0.40 < quality < 0.50 :      1156 elements
Info    : 0.50 < quality < 0.60 :      3846 elements
Info    : 0.60 < quality < 0.70 :     11926 elements
Info    : 0.70 < quality < 0.80 :     19556 elements
Info    : 0.80 < quality < 0.90 :      2203 elements
Info    : 0.90 < quality < 1.00 :      1945 elements
Info    : 1112 edge swaps, 21 node relocations (volume = 235.603): worst = 0.0291094 / average = 0.701141 (Wall 0.0143619s, CPU 0.014361s)
Info    : 1177 edge swaps, 23 node relocations (volume = 235.603): worst = 0.149958 / average = 0.701901 (Wall 0.0175061s, CPU 0.017505s)
Info    : 1178 edge swaps, 24 node relocations (volume = 235.603): worst = 0.149958 / average = 0.701897 (Wall 0.0199071s, CPU 0.019906s)
Info    : No ill-shaped tets in the mesh :-)
Info    : 0.00 < quality < 0.10 :         0 elements
Info    : 0.10 < quality < 0.20 :         2 elements
Info    : 0.20 < quality < 0.30 :         6 elements
Info    : 0.30 < quality < 0.40 :       642 elements
Info    : 0.40 < quality < 0.50 :      1014 elements
Info    : 0.50 < quality < 0.60 :      3964 elements
Info    : 0.60 < quality < 0.70 :     12258 elements
Info    : 0.70 < quality < 0.80 :     19364 elements
Info    : 0.80 < quality < 0.90 :      2368 elements
Info    : 0.90 < quality < 1.00 :      1955 elements
Info    : Optimizing volume 2
Info    : Optimization starts (volume = 0.256435) with worst = 0.191529 / average = 0.744184:
Info    : 0.00 < quality < 0.10 :         0 elements
Info    : 0.10 < quality < 0.20 :         1 elements
Info    : 0.20 < quality < 0.30 :         5 elements
Info    : 0.30 < quality < 0.40 :         7 elements
Info    : 0.40 < quality < 0.50 :        28 elements
Info    : 0.50 < quality < 0.60 :        21 elements
Info    : 0.60 < quality < 0.70 :        72 elements
Info    : 0.70 < quality < 0.80 :       168 elements
Info    : 0.80 < quality < 0.90 :       144 elements
Info    : 0.90 < quality < 1.00 :        41 elements
Info    : 6 edge swaps, 0 node relocations (volume = 0.256435): worst = 0.347362 / average = 0.751388 (Wall 9.56762e-05s, CPU 9.5e-05s)
Info    : No ill-shaped tets in the mesh :-)
Info    : 0.00 < quality < 0.10 :         0 elements
Info    : 0.10 < quality < 0.20 :         0 elements
Info    : 0.20 < quality < 0.30 :         0 elements
Info    : 0.30 < quality < 0.40 :         7 elements
Info    : 0.40 < quality < 0.50 :        25 elements
Info    : 0.50 < quality < 0.60 :        22 elements
Info    : 0.60 < quality < 0.70 :        74 elements
Info    : 0.70 < quality < 0.80 :       170 elements
Info    : 0.80 < quality < 0.90 :       143 elements
Info    : 0.90 < quality < 1.00 :        41 elements
Info    : Done optimizing mesh (Wall 0.0475157s, CPU 0.047512s)
Info    : 13650 nodes 68508 elements
Info    : Meshing order 2 (curvilinear on)...
Info    : [  0%] Meshing curve 1 order 2
Info    : [ 10%] Meshing curve 2 order 2
Info    : [ 20%] Meshing curve 3 order 2
Info    : [ 20%] Meshing curve 4 order 2
Info    : [ 30%] Meshing curve 5 order 2
Info    : [ 30%] Meshing curve 6 order 2
Info    : [ 40%] Meshing curve 7 order 2
Info    : [ 40%] Meshing curve 8 order 2
Info    : [ 50%] Meshing curve 9 order 2
Info    : [ 50%] Meshing curve 10 order 2
Info    : [ 60%] Meshing curve 11 order 2
Info    : [ 60%] Meshing curve 12 order 2
Info    : [ 70%] Meshing surface 1 order 2
Info    : [ 70%] Meshing surface 2 order 2
Info    : [ 80%] Meshing surface 3 order 2
Info    : [ 80%] Meshing surface 4 order 2
Info    : [ 90%] Meshing surface 5 order 2
Info    : [ 90%] Meshing surface 6 order 2
Info    : [100%] Meshing volume 1 order 2
Info    : [100%] Meshing volume 2 order 2
Info    : Surface mesh: worst distortion = 0.797589 (0 elements in ]0, 0.2]); worst gamma = 0.638304
Info    : Volume mesh: worst distortion = 0.268213 (0 elements in ]0, 0.2])
Info    : Done meshing order 2 (Wall 12.4335s, CPU 12.4058s)
Info    : Writing '/home/user/mscr-mom/현서/scripts/contact_scenarios/fea/betagen_mesh_LM75_phiP150_d10_12.inp'...
Info    : Done writing '/home/user/mscr-mom/현서/scripts/contact_scenarios/fea/betagen_mesh_LM75_phiP150_d10_12.inp'
  [LM75_phiP150_d10] F_mag=0.0011mN  (577.5s)
[LM75_phiP150_d10 13/14] L_M=75.0, phi=150.0, beta=315.0, s=30.0mm, depth=0.1mm ...
Info    : Meshing 1D...
Info    : [  0%] Meshing curve 1 (BSpline)
Info    : [ 10%] Meshing curve 2 (Ellipse)
Info    : [ 20%] Meshing curve 3 (Ellipse)
Info    : [ 30%] Meshing curve 4 (BSpline)
Info    : [ 40%] Meshing curve 5 (BSpline)
Info    : [ 50%] Meshing curve 6 (BSpline)
Info    : [ 60%] Meshing curve 7 (BSpline)
Info    : [ 60%] Meshing curve 8 (BSpline)
Info    : [ 70%] Meshing curve 9 (BSpline)
Info    : [ 90%] Meshing curve 11 (Circle)
Info    : Done meshing 1D (Wall 0.0193082s, CPU 0.019262s)
Info    : Meshing 2D...
Info    : [  0%] Meshing surface 1 (Plane, Frontal-Delaunay)
Info    : [ 20%] Meshing surface 2 (Plane, Frontal-Delaunay)
Info    : [ 40%] Meshing surface 3 (BSpline surface, Frontal-Delaunay)
Info    : [ 60%] Meshing surface 4 (BSpline surface, Frontal-Delaunay)
Info    : [ 70%] Meshing surface 5 (Plane, Frontal-Delaunay)
Info    : [ 90%] Meshing surface 6 (Sphere, Frontal-Delaunay)
Info    : Done meshing 2D (Wall 0.738737s, CPU 0.738634s)
Info    : Meshing 3D...
Info    : 3D Meshing 2 volumes with 2 connected components
Info    : Tetrahedrizing 12487 nodes...
Info    : Done tetrahedrizing 12495 nodes (Wall 0.143604s, CPU 0.138604s)
Info    : Reconstructing mesh...
Info    :  - Creating surface mesh
Info    :  - Identifying boundary edges
Info    :  - Recovering boundary
Info    : Done reconstructing mesh (Wall 0.360006s, CPU 0.345977s)
Info    : Found volume 1
Info    : It. 0 - 0 nodes created - worst tet radius 1.03896 (nodes removed 0 0)
Info    : It. 500 - 500 nodes created - worst tet radius 1.00102 (nodes removed 0 0)
Info    : 3D refinement terminated (13252 nodes total):
Info    :  - 0 Delaunay cavities modified for star shapeness
Info    :  - 0 nodes could not be inserted
Info    :  - 42649 tetrahedra created in 0.0321505 sec. (1326542 tets/s)
Info    : 0 node relocations
Info    : Tetrahedrizing 131 nodes...
Info    : Done tetrahedrizing 139 nodes (Wall 0.000779817s, CPU 0.000781s)
Info    : Reconstructing mesh...
Info    :  - Creating surface mesh
Info    :  - Identifying boundary edges
Info    :  - Recovering boundary
Info    : Done reconstructing mesh (Wall 0.00180614s, CPU 0.001807s)
Info    : Found volume 2
Info    : It. 0 - 0 nodes created - worst tet radius 3.13495 (nodes removed 0 0)
Info    : 3D refinement terminated (12699 nodes total):
Info    :  - 0 Delaunay cavities modified for star shapeness
Info    :  - 0 nodes could not be inserted
Info    :  - 505 tetrahedra created in 0.00502545 sec. (100488 tets/s)
Info    : 0 node relocations
Info    : Done meshing 3D (Wall 0.671466s, CPU 0.657377s)
Info    : Optimizing mesh...
Info    : Optimizing volume 1
Info    : Optimization starts (volume = 235.603) with worst = 0.000883265 / average = 0.685716:
Info    : 0.00 < quality < 0.10 :       236 elements
Info    : 0.10 < quality < 0.20 :       356 elements
Info    : 0.20 < quality < 0.30 :       599 elements
Info    : 0.30 < quality < 0.40 :       826 elements
Info    : 0.40 < quality < 0.50 :      1156 elements
Info    : 0.50 < quality < 0.60 :      3846 elements
Info    : 0.60 < quality < 0.70 :     11926 elements
Info    : 0.70 < quality < 0.80 :     19556 elements
Info    : 0.80 < quality < 0.90 :      2203 elements
Info    : 0.90 < quality < 1.00 :      1945 elements
Info    : 1112 edge swaps, 21 node relocations (volume = 235.603): worst = 0.0291094 / average = 0.701141 (Wall 0.0148461s, CPU 0.014845s)
Info    : 1177 edge swaps, 23 node relocations (volume = 235.603): worst = 0.149958 / average = 0.701901 (Wall 0.0188499s, CPU 0.01885s)
Info    : 1178 edge swaps, 24 node relocations (volume = 235.603): worst = 0.149958 / average = 0.701897 (Wall 0.0218752s, CPU 0.021875s)
Info    : No ill-shaped tets in the mesh :-)
Info    : 0.00 < quality < 0.10 :         0 elements
Info    : 0.10 < quality < 0.20 :         2 elements
Info    : 0.20 < quality < 0.30 :         6 elements
Info    : 0.30 < quality < 0.40 :       642 elements
Info    : 0.40 < quality < 0.50 :      1014 elements
Info    : 0.50 < quality < 0.60 :      3964 elements
Info    : 0.60 < quality < 0.70 :     12258 elements
Info    : 0.70 < quality < 0.80 :     19364 elements
Info    : 0.80 < quality < 0.90 :      2368 elements
Info    : 0.90 < quality < 1.00 :      1955 elements
Info    : Optimizing volume 2
Info    : Optimization starts (volume = 0.25645) with worst = 0.0401763 / average = 0.729053:
Info    : 0.00 < quality < 0.10 :         2 elements
Info    : 0.10 < quality < 0.20 :         5 elements
Info    : 0.20 < quality < 0.30 :         4 elements
Info    : 0.30 < quality < 0.40 :        16 elements
Info    : 0.40 < quality < 0.50 :        22 elements
Info    : 0.50 < quality < 0.60 :        29 elements
Info    : 0.60 < quality < 0.70 :        68 elements
Info    : 0.70 < quality < 0.80 :       187 elements
Info    : 0.80 < quality < 0.90 :       128 elements
Info    : 0.90 < quality < 1.00 :        44 elements
Info    : 11 edge swaps, 0 node relocations (volume = 0.25645): worst = 0.306492 / average = 0.744401 (Wall 0.000114767s, CPU 0.000117s)
Info    : No ill-shaped tets in the mesh :-)
Info    : 0.00 < quality < 0.10 :         0 elements
Info    : 0.10 < quality < 0.20 :         0 elements
Info    : 0.20 < quality < 0.30 :         0 elements
Info    : 0.30 < quality < 0.40 :        16 elements
Info    : 0.40 < quality < 0.50 :        19 elements
Info    : 0.50 < quality < 0.60 :        26 elements
Info    : 0.60 < quality < 0.70 :        70 elements
Info    : 0.70 < quality < 0.80 :       188 elements
Info    : 0.80 < quality < 0.90 :       131 elements
Info    : 0.90 < quality < 1.00 :        44 elements
Info    : Done optimizing mesh (Wall 0.0498883s, CPU 0.049886s)
Info    : 13652 nodes 68522 elements
Info    : Meshing order 2 (curvilinear on)...
Info    : [  0%] Meshing curve 1 order 2
Info    : [ 10%] Meshing curve 2 order 2
Info    : [ 20%] Meshing curve 3 order 2
Info    : [ 20%] Meshing curve 4 order 2
Info    : [ 30%] Meshing curve 5 order 2
Info    : [ 30%] Meshing curve 6 order 2
Info    : [ 40%] Meshing curve 7 order 2
Info    : [ 40%] Meshing curve 8 order 2
Info    : [ 50%] Meshing curve 9 order 2
Info    : [ 50%] Meshing curve 10 order 2
Info    : [ 60%] Meshing curve 11 order 2
Info    : [ 60%] Meshing curve 12 order 2
Info    : [ 70%] Meshing surface 1 order 2
Info    : [ 70%] Meshing surface 2 order 2
Info    : [ 80%] Meshing surface 3 order 2
Info    : [ 80%] Meshing surface 4 order 2
Info    : [ 90%] Meshing surface 5 order 2
Info    : [ 90%] Meshing surface 6 order 2
Info    : [100%] Meshing volume 1 order 2
Info    : [100%] Meshing volume 2 order 2
Info    : Surface mesh: worst distortion = 0.797589 (0 elements in ]0, 0.2]); worst gamma = 0.638304
Info    : Volume mesh: worst distortion = 0.268213 (0 elements in ]0, 0.2])
Info    : Done meshing order 2 (Wall 12.0392s, CPU 12.0336s)
Info    : Writing '/home/user/mscr-mom/현서/scripts/contact_scenarios/fea/betagen_mesh_LM75_phiP150_d10_13.inp'...
Info    : Done writing '/home/user/mscr-mom/현서/scripts/contact_scenarios/fea/betagen_mesh_LM75_phiP150_d10_13.inp'
  [LM75_phiP150_d10] F_mag=0.0089mN  (321.2s)
[LM75_phiP150_d10 14/14] L_M=75.0, phi=150.0, beta=315.0, s=60.0mm, depth=0.1mm ...
Info    : Meshing 1D...
Info    : [  0%] Meshing curve 1 (BSpline)
Info    : [ 10%] Meshing curve 2 (Ellipse)
Info    : [ 20%] Meshing curve 3 (Ellipse)
Info    : [ 30%] Meshing curve 4 (BSpline)
Info    : [ 40%] Meshing curve 5 (BSpline)
Info    : [ 50%] Meshing curve 6 (BSpline)
Info    : [ 60%] Meshing curve 7 (BSpline)
Info    : [ 60%] Meshing curve 8 (BSpline)
Info    : [ 70%] Meshing curve 9 (BSpline)
Info    : [ 90%] Meshing curve 11 (Circle)
Info    : Done meshing 1D (Wall 0.0189675s, CPU 0.018939s)
Info    : Meshing 2D...
Info    : [  0%] Meshing surface 1 (Plane, Frontal-Delaunay)
Info    : [ 20%] Meshing surface 2 (Plane, Frontal-Delaunay)
Info    : [ 40%] Meshing surface 3 (BSpline surface, Frontal-Delaunay)
Info    : [ 60%] Meshing surface 4 (BSpline surface, Frontal-Delaunay)
Info    : [ 70%] Meshing surface 5 (Plane, Frontal-Delaunay)
Info    : [ 90%] Meshing surface 6 (Sphere, Frontal-Delaunay)
Info    : Done meshing 2D (Wall 0.764951s, CPU 0.764635s)
Info    : Meshing 3D...
Info    : 3D Meshing 2 volumes with 2 connected components
Info    : Tetrahedrizing 12487 nodes...
Info    : Done tetrahedrizing 12495 nodes (Wall 0.141657s, CPU 0.139655s)
Info    : Reconstructing mesh...
Info    :  - Creating surface mesh
Info    :  - Identifying boundary edges
Info    :  - Recovering boundary
Info    : Done reconstructing mesh (Wall 0.353619s, CPU 0.344548s)
Info    : Found volume 1
Info    : It. 0 - 0 nodes created - worst tet radius 1.03896 (nodes removed 0 0)
Info    : It. 500 - 500 nodes created - worst tet radius 1.00102 (nodes removed 0 0)
Info    : 3D refinement terminated (13251 nodes total):
Info    :  - 0 Delaunay cavities modified for star shapeness
Info    :  - 0 nodes could not be inserted
Info    :  - 42649 tetrahedra created in 0.0259631 sec. (1642679 tets/s)
Info    : 0 node relocations
Info    : Tetrahedrizing 130 nodes...
Info    : Done tetrahedrizing 138 nodes (Wall 0.000738191s, CPU 0.000732s)
Info    : Reconstructing mesh...
Info    :  - Creating surface mesh
Info    :  - Identifying boundary edges
Info    :  - Recovering boundary
Info    : Done reconstructing mesh (Wall 0.00168029s, CPU 0.001674s)
Info    : Found volume 2
Info    : It. 0 - 0 nodes created - worst tet radius 3.03887 (nodes removed 0 0)
Info    : 3D refinement terminated (12697 nodes total):
Info    :  - 0 Delaunay cavities modified for star shapeness
Info    :  - 0 nodes could not be inserted
Info    :  - 487 tetrahedra created in 0.00260864 sec. (186687 tets/s)
Info    : 0 node relocations
Info    : Done meshing 3D (Wall 0.655558s, CPU 0.64547s)
Info    : Optimizing mesh...
Info    : Optimizing volume 1
Info    : Optimization starts (volume = 235.603) with worst = 0.000883265 / average = 0.685716:
Info    : 0.00 < quality < 0.10 :       236 elements
Info    : 0.10 < quality < 0.20 :       356 elements
Info    : 0.20 < quality < 0.30 :       599 elements
Info    : 0.30 < quality < 0.40 :       826 elements
Info    : 0.40 < quality < 0.50 :      1156 elements
Info    : 0.50 < quality < 0.60 :      3846 elements
Info    : 0.60 < quality < 0.70 :     11926 elements
Info    : 0.70 < quality < 0.80 :     19556 elements
Info    : 0.80 < quality < 0.90 :      2203 elements
Info    : 0.90 < quality < 1.00 :      1945 elements
Info    : 1112 edge swaps, 21 node relocations (volume = 235.603): worst = 0.0291094 / average = 0.701141 (Wall 0.0168866s, CPU 0.016885s)
Info    : 1177 edge swaps, 23 node relocations (volume = 235.603): worst = 0.149958 / average = 0.701901 (Wall 0.0207611s, CPU 0.020761s)
Info    : 1178 edge swaps, 24 node relocations (volume = 235.603): worst = 0.149958 / average = 0.701897 (Wall 0.0229723s, CPU 0.022973s)
Info    : No ill-shaped tets in the mesh :-)
Info    : 0.00 < quality < 0.10 :         0 elements
Info    : 0.10 < quality < 0.20 :         2 elements
Info    : 0.20 < quality < 0.30 :         6 elements
Info    : 0.30 < quality < 0.40 :       642 elements
Info    : 0.40 < quality < 0.50 :      1014 elements
Info    : 0.50 < quality < 0.60 :      3964 elements
Info    : 0.60 < quality < 0.70 :     12258 elements
Info    : 0.70 < quality < 0.80 :     19364 elements
Info    : 0.80 < quality < 0.90 :      2368 elements
Info    : 0.90 < quality < 1.00 :      1955 elements
Info    : Optimizing volume 2
Info    : Optimization starts (volume = 0.256435) with worst = 0.191529 / average = 0.744184:
Info    : 0.00 < quality < 0.10 :         0 elements
Info    : 0.10 < quality < 0.20 :         1 elements
Info    : 0.20 < quality < 0.30 :         5 elements
Info    : 0.30 < quality < 0.40 :         7 elements
Info    : 0.40 < quality < 0.50 :        28 elements
Info    : 0.50 < quality < 0.60 :        21 elements
Info    : 0.60 < quality < 0.70 :        72 elements
Info    : 0.70 < quality < 0.80 :       168 elements
Info    : 0.80 < quality < 0.90 :       144 elements
Info    : 0.90 < quality < 1.00 :        41 elements
Info    : 6 edge swaps, 0 node relocations (volume = 0.256435): worst = 0.347362 / average = 0.751388 (Wall 0.000103809s, CPU 0.000104s)
Info    : No ill-shaped tets in the mesh :-)
Info    : 0.00 < quality < 0.10 :         0 elements
Info    : 0.10 < quality < 0.20 :         0 elements
Info    : 0.20 < quality < 0.30 :         0 elements
Info    : 0.30 < quality < 0.40 :         7 elements
Info    : 0.40 < quality < 0.50 :        25 elements
Info    : 0.50 < quality < 0.60 :        22 elements
Info    : 0.60 < quality < 0.70 :        74 elements
Info    : 0.70 < quality < 0.80 :       170 elements
Info    : 0.80 < quality < 0.90 :       143 elements
Info    : 0.90 < quality < 1.00 :        41 elements
Info    : Done optimizing mesh (Wall 0.0461373s, CPU 0.046136s)
Info    : 13650 nodes 68508 elements
Info    : Meshing order 2 (curvilinear on)...
Info    : [  0%] Meshing curve 1 order 2
Info    : [ 10%] Meshing curve 2 order 2
Info    : [ 20%] Meshing curve 3 order 2
Info    : [ 20%] Meshing curve 4 order 2
Info    : [ 30%] Meshing curve 5 order 2
Info    : [ 30%] Meshing curve 6 order 2
Info    : [ 40%] Meshing curve 7 order 2
Info    : [ 40%] Meshing curve 8 order 2
Info    : [ 50%] Meshing curve 9 order 2
Info    : [ 50%] Meshing curve 10 order 2
Info    : [ 60%] Meshing curve 11 order 2
Info    : [ 60%] Meshing curve 12 order 2
Info    : [ 70%] Meshing surface 1 order 2
Info    : [ 70%] Meshing surface 2 order 2
Info    : [ 80%] Meshing surface 3 order 2
Info    : [ 80%] Meshing surface 4 order 2
Info    : [ 90%] Meshing surface 5 order 2
Info    : [ 90%] Meshing surface 6 order 2
Info    : [100%] Meshing volume 1 order 2
Info    : [100%] Meshing volume 2 order 2
Info    : Surface mesh: worst distortion = 0.797589 (0 elements in ]0, 0.2]); worst gamma = 0.638304
Info    : Volume mesh: worst distortion = 0.268213 (0 elements in ]0, 0.2])
Info    : Done meshing order 2 (Wall 11.9465s, CPU 11.943s)
Info    : Writing '/home/user/mscr-mom/현서/scripts/contact_scenarios/fea/betagen_mesh_LM75_phiP150_d10_14.inp'...
Info    : Done writing '/home/user/mscr-mom/현서/scripts/contact_scenarios/fea/betagen_mesh_LM75_phiP150_d10_14.inp'
  [LM75_phiP150_d10] [실패] (1122.9s)
[LM75_phiP150_d10] 완료: 8/14 성공
