[LM75_phiP150_d15 1/14] L_M=75.0, phi=150.0, beta=45.0, s=30.0mm, depth=0.15mm ...
Info    : Meshing 1D...
Info    : [  0%] Meshing curve 1 (BSpline)
Info    : [ 10%] Meshing curve 2 (Ellipse)
Info    : [ 20%] Meshing curve 3 (Ellipse)
Info    : [ 30%] Meshing curve 4 (BSpline)
Info    : [ 40%] Meshing curve 5 (BSpline)
Info    : [ 50%] Meshing curve 6 (BSpline)
Info    : [ 60%] Meshing curve 7 (BSpline)
Info    : [ 60%] Meshing curve 8 (BSpline)
Info    : [ 70%] Meshing curve 9 (BSpline)
Info    : [ 90%] Meshing curve 11 (Circle)
Info    : Done meshing 1D (Wall 0.0190852s, CPU 0.01708s)
Info    : Meshing 2D...
Info    : [  0%] Meshing surface 1 (Plane, Frontal-Delaunay)
Info    : [ 20%] Meshing surface 2 (Plane, Frontal-Delaunay)
Info    : [ 40%] Meshing surface 3 (BSpline surface, Frontal-Delaunay)
Info    : [ 60%] Meshing surface 4 (BSpline surface, Frontal-Delaunay)
Info    : [ 70%] Meshing surface 5 (Plane, Frontal-Delaunay)
Info    : [ 90%] Meshing surface 6 (Sphere, Frontal-Delaunay)
Info    : Done meshing 2D (Wall 0.77696s, CPU 0.771834s)
Info    : Meshing 3D...
Info    : 3D Meshing 2 volumes with 2 connected components
Info    : Tetrahedrizing 12487 nodes...
Info    : Done tetrahedrizing 12495 nodes (Wall 0.147903s, CPU 0.137895s)
Info    : Reconstructing mesh...
Info    :  - Creating surface mesh
Info    :  - Identifying boundary edges
Info    :  - Recovering boundary
Info    : Done reconstructing mesh (Wall 0.388807s, CPU 0.361801s)
Info    : Found volume 1
Info    : It. 0 - 0 nodes created - worst tet radius 1.03896 (nodes removed 0 0)
Info    : It. 500 - 500 nodes created - worst tet radius 1.00102 (nodes removed 0 0)
Info    : 3D refinement terminated (13252 nodes total):
Info    :  - 0 Delaunay cavities modified for star shapeness
Info    :  - 0 nodes could not be inserted
Info    :  - 42649 tetrahedra created in 0.0369777 sec. (1153371 tets/s)
Info    : 0 node relocations
Info    : Tetrahedrizing 131 nodes...
Info    : Done tetrahedrizing 139 nodes (Wall 0.000799657s, CPU 0.000793s)
Info    : Reconstructing mesh...
Info    :  - Creating surface mesh
Info    :  - Identifying boundary edges
Info    :  - Recovering boundary
Info    : Done reconstructing mesh (Wall 0.00212491s, CPU 0.00212s)
Info    : Found volume 2
Info    : It. 0 - 0 nodes created - worst tet radius 3.1274 (nodes removed 0 0)
Info    : 3D refinement terminated (12703 nodes total):
Info    :  - 0 Delaunay cavities modified for star shapeness
Info    :  - 0 nodes could not be inserted
Info    :  - 530 tetrahedra created in 0.00504859 sec. (104979 tets/s)
Info    : 0 node relocations
Info    : Done meshing 3D (Wall 0.749129s, CPU 0.720099s)
Info    : Optimizing mesh...
Info    : Optimizing volume 1
Info    : Optimization starts (volume = 235.603) with worst = 0.000883265 / average = 0.685716:
Info    : 0.00 < quality < 0.10 :       236 elements
Info    : 0.10 < quality < 0.20 :       356 elements
Info    : 0.20 < quality < 0.30 :       599 elements
Info    : 0.30 < quality < 0.40 :       826 elements
Info    : 0.40 < quality < 0.50 :      1156 elements
Info    : 0.50 < quality < 0.60 :      3846 elements
Info    : 0.60 < quality < 0.70 :     11926 elements
Info    : 0.70 < quality < 0.80 :     19556 elements
Info    : 0.80 < quality < 0.90 :      2203 elements
Info    : 0.90 < quality < 1.00 :      1945 elements
Info    : 1112 edge swaps, 21 node relocations (volume = 235.603): worst = 0.0291094 / average = 0.701141 (Wall 0.0138014s, CPU 0.013801s)
Info    : 1177 edge swaps, 23 node relocations (volume = 235.603): worst = 0.149958 / average = 0.701901 (Wall 0.0167885s, CPU 0.016789s)
Info    : 1178 edge swaps, 24 node relocations (volume = 235.603): worst = 0.149958 / average = 0.701897 (Wall 0.0189344s, CPU 0.018936s)
Info    : No ill-shaped tets in the mesh :-)
Info    : 0.00 < quality < 0.10 :         0 elements
Info    : 0.10 < quality < 0.20 :         2 elements
Info    : 0.20 < quality < 0.30 :         6 elements
Info    : 0.30 < quality < 0.40 :       642 elements
Info    : 0.40 < quality < 0.50 :      1014 elements
Info    : 0.50 < quality < 0.60 :      3964 elements
Info    : 0.60 < quality < 0.70 :     12258 elements
Info    : 0.70 < quality < 0.80 :     19364 elements
Info    : 0.80 < quality < 0.90 :      2368 elements
Info    : 0.90 < quality < 1.00 :      1955 elements
Info    : Optimizing volume 2
Info    : Optimization starts (volume = 0.256422) with worst = 0.122292 / average = 0.743468:
Info    : 0.00 < quality < 0.10 :         0 elements
Info    : 0.10 < quality < 0.20 :         7 elements
Info    : 0.20 < quality < 0.30 :         5 elements
Info    : 0.30 < quality < 0.40 :        11 elements
Info    : 0.40 < quality < 0.50 :        19 elements
Info    : 0.50 < quality < 0.60 :        29 elements
Info    : 0.60 < quality < 0.70 :        79 elements
Info    : 0.70 < quality < 0.80 :       163 elements
Info    : 0.80 < quality < 0.90 :       167 elements
Info    : 0.90 < quality < 1.00 :        50 elements
Info    : 12 edge swaps, 0 node relocations (volume = 0.256422): worst = 0.303237 / average = 0.755671 (Wall 0.000136698s, CPU 0.000138s)
Info    : No ill-shaped tets in the mesh :-)
Info    : 0.00 < quality < 0.10 :         0 elements
Info    : 0.10 < quality < 0.20 :         0 elements
Info    : 0.20 < quality < 0.30 :         0 elements
Info    : 0.30 < quality < 0.40 :        12 elements
Info    : 0.40 < quality < 0.50 :        19 elements
Info    : 0.50 < quality < 0.60 :        25 elements
Info    : 0.60 < quality < 0.70 :        85 elements
Info    : 0.70 < quality < 0.80 :       161 elements
Info    : 0.80 < quality < 0.90 :       168 elements
Info    : 0.90 < quality < 1.00 :        50 elements
Info    : Done optimizing mesh (Wall 0.0453817s, CPU 0.045382s)
Info    : 13656 nodes 68548 elements
Info    : Meshing order 2 (curvilinear on)...
Info    : [  0%] Meshing curve 1 order 2
Info    : [ 10%] Meshing curve 2 order 2
Info    : [ 20%] Meshing curve 3 order 2
Info    : [ 20%] Meshing curve 4 order 2
Info    : [ 30%] Meshing curve 5 order 2
Info    : [ 30%] Meshing curve 6 order 2
Info    : [ 40%] Meshing curve 7 order 2
Info    : [ 40%] Meshing curve 8 order 2
Info    : [ 50%] Meshing curve 9 order 2
Info    : [ 50%] Meshing curve 10 order 2
Info    : [ 60%] Meshing curve 11 order 2
Info    : [ 60%] Meshing curve 12 order 2
Info    : [ 70%] Meshing surface 1 order 2
Info    : [ 70%] Meshing surface 2 order 2
Info    : [ 80%] Meshing surface 3 order 2
Info    : [ 80%] Meshing surface 4 order 2
Info    : [ 90%] Meshing surface 5 order 2
Info    : [ 90%] Meshing surface 6 order 2
Info    : [100%] Meshing volume 1 order 2
Info    : [100%] Meshing volume 2 order 2
Info    : Surface mesh: worst distortion = 0.797589 (0 elements in ]0, 0.2]); worst gamma = 0.638304
Info    : Volume mesh: worst distortion = 0.268213 (0 elements in ]0, 0.2])
Info    : Done meshing order 2 (Wall 12.0801s, CPU 12.0759s)
Info    : Writing '/home/user/mscr-mom/현서/scripts/contact_scenarios/fea/betagen_mesh_LM75_phiP150_d15_01.inp'...
Info    : Done writing '/home/user/mscr-mom/현서/scripts/contact_scenarios/fea/betagen_mesh_LM75_phiP150_d15_01.inp'
  [LM75_phiP150_d15] F_mag=0.0140mN  (497.0s)
[LM75_phiP150_d15 2/14] L_M=75.0, phi=150.0, beta=45.0, s=60.0mm, depth=0.15mm ...
Info    : Meshing 1D...
Info    : [  0%] Meshing curve 1 (BSpline)
Info    : [ 10%] Meshing curve 2 (Ellipse)
Info    : [ 20%] Meshing curve 3 (Ellipse)
Info    : [ 30%] Meshing curve 4 (BSpline)
Info    : [ 40%] Meshing curve 5 (BSpline)
Info    : [ 50%] Meshing curve 6 (BSpline)
Info    : [ 60%] Meshing curve 7 (BSpline)
Info    : [ 60%] Meshing curve 8 (BSpline)
Info    : [ 70%] Meshing curve 9 (BSpline)
Info    : [ 90%] Meshing curve 11 (Circle)
Info    : Done meshing 1D (Wall 0.0198922s, CPU 0.019853s)
Info    : Meshing 2D...
Info    : [  0%] Meshing surface 1 (Plane, Frontal-Delaunay)
Info    : [ 20%] Meshing surface 2 (Plane, Frontal-Delaunay)
Info    : [ 40%] Meshing surface 3 (BSpline surface, Frontal-Delaunay)
Info    : [ 60%] Meshing surface 4 (BSpline surface, Frontal-Delaunay)
Info    : [ 70%] Meshing surface 5 (Plane, Frontal-Delaunay)
Info    : [ 90%] Meshing surface 6 (Sphere, Frontal-Delaunay)
Info    : Done meshing 2D (Wall 0.813976s, CPU 0.813568s)
Info    : Meshing 3D...
Info    : 3D Meshing 2 volumes with 2 connected components
Info    : Tetrahedrizing 12487 nodes...
Info    : Done tetrahedrizing 12495 nodes (Wall 0.14448s, CPU 0.135487s)
Info    : Reconstructing mesh...
Info    :  - Creating surface mesh
Info    :  - Identifying boundary edges
Info    :  - Recovering boundary
Info    : Done reconstructing mesh (Wall 0.381705s, CPU 0.360311s)
Info    : Found volume 1
Info    : It. 0 - 0 nodes created - worst tet radius 1.03896 (nodes removed 0 0)
Info    : It. 500 - 500 nodes created - worst tet radius 1.00102 (nodes removed 0 0)
Info    : 3D refinement terminated (13251 nodes total):
Info    :  - 0 Delaunay cavities modified for star shapeness
Info    :  - 0 nodes could not be inserted
Info    :  - 42649 tetrahedra created in 0.0417633 sec. (1021207 tets/s)
Info    : 0 node relocations
Info    : Tetrahedrizing 130 nodes...
Info    : Done tetrahedrizing 138 nodes (Wall 0.000776773s, CPU 0.000777s)
Info    : Reconstructing mesh...
Info    :  - Creating surface mesh
Info    :  - Identifying boundary edges
Info    :  - Recovering boundary
Info    : Done reconstructing mesh (Wall 0.00189255s, CPU 0.001894s)
Info    : Found volume 2
Info    : It. 0 - 0 nodes created - worst tet radius 3.03887 (nodes removed 0 0)
Info    : 3D refinement terminated (12697 nodes total):
Info    :  - 0 Delaunay cavities modified for star shapeness
Info    :  - 0 nodes could not be inserted
Info    :  - 487 tetrahedra created in 0.00488156 sec. (99763 tets/s)
Info    : 0 node relocations
Info    : Done meshing 3D (Wall 0.700899s, CPU 0.678489s)
Info    : Optimizing mesh...
Info    : Optimizing volume 1
Info    : Optimization starts (volume = 235.603) with worst = 0.000883265 / average = 0.685716:
Info    : 0.00 < quality < 0.10 :       236 elements
Info    : 0.10 < quality < 0.20 :       356 elements
Info    : 0.20 < quality < 0.30 :       599 elements
Info    : 0.30 < quality < 0.40 :       826 elements
Info    : 0.40 < quality < 0.50 :      1156 elements
Info    : 0.50 < quality < 0.60 :      3846 elements
Info    : 0.60 < quality < 0.70 :     11926 elements
Info    : 0.70 < quality < 0.80 :     19556 elements
Info    : 0.80 < quality < 0.90 :      2203 elements
Info    : 0.90 < quality < 1.00 :      1945 elements
Info    : 1112 edge swaps, 21 node relocations (volume = 235.603): worst = 0.0291094 / average = 0.701141 (Wall 0.0139552s, CPU 0.013955s)
Info    : 1177 edge swaps, 23 node relocations (volume = 235.603): worst = 0.149958 / average = 0.701901 (Wall 0.016981s, CPU 0.016981s)
Info    : 1178 edge swaps, 24 node relocations (volume = 235.603): worst = 0.149958 / average = 0.701897 (Wall 0.0190368s, CPU 0.019038s)
Info    : No ill-shaped tets in the mesh :-)
Info    : 0.00 < quality < 0.10 :         0 elements
Info    : 0.10 < quality < 0.20 :         2 elements
Info    : 0.20 < quality < 0.30 :         6 elements
Info    : 0.30 < quality < 0.40 :       642 elements
Info    : 0.40 < quality < 0.50 :      1014 elements
Info    : 0.50 < quality < 0.60 :      3964 elements
Info    : 0.60 < quality < 0.70 :     12258 elements
Info    : 0.70 < quality < 0.80 :     19364 elements
Info    : 0.80 < quality < 0.90 :      2368 elements
Info    : 0.90 < quality < 1.00 :      1955 elements
Info    : Optimizing volume 2
Info    : Optimization starts (volume = 0.256435) with worst = 0.191529 / average = 0.744184:
Info    : 0.00 < quality < 0.10 :         0 elements
Info    : 0.10 < quality < 0.20 :         1 elements
Info    : 0.20 < quality < 0.30 :         5 elements
Info    : 0.30 < quality < 0.40 :         7 elements
Info    : 0.40 < quality < 0.50 :        28 elements
Info    : 0.50 < quality < 0.60 :        21 elements
Info    : 0.60 < quality < 0.70 :        72 elements
Info    : 0.70 < quality < 0.80 :       168 elements
Info    : 0.80 < quality < 0.90 :       144 elements
Info    : 0.90 < quality < 1.00 :        41 elements
Info    : 6 edge swaps, 0 node relocations (volume = 0.256435): worst = 0.347362 / average = 0.751388 (Wall 9.48138e-05s, CPU 9.5e-05s)
Info    : No ill-shaped tets in the mesh :-)
Info    : 0.00 < quality < 0.10 :         0 elements
Info    : 0.10 < quality < 0.20 :         0 elements
Info    : 0.20 < quality < 0.30 :         0 elements
Info    : 0.30 < quality < 0.40 :         7 elements
Info    : 0.40 < quality < 0.50 :        25 elements
Info    : 0.50 < quality < 0.60 :        22 elements
Info    : 0.60 < quality < 0.70 :        74 elements
Info    : 0.70 < quality < 0.80 :       170 elements
Info    : 0.80 < quality < 0.90 :       143 elements
Info    : 0.90 < quality < 1.00 :        41 elements
Info    : Done optimizing mesh (Wall 0.0444816s, CPU 0.044482s)
Info    : 13650 nodes 68508 elements
Info    : Meshing order 2 (curvilinear on)...
Info    : [  0%] Meshing curve 1 order 2
Info    : [ 10%] Meshing curve 2 order 2
Info    : [ 20%] Meshing curve 3 order 2
Info    : [ 20%] Meshing curve 4 order 2
Info    : [ 30%] Meshing curve 5 order 2
Info    : [ 30%] Meshing curve 6 order 2
Info    : [ 40%] Meshing curve 7 order 2
Info    : [ 40%] Meshing curve 8 order 2
Info    : [ 50%] Meshing curve 9 order 2
Info    : [ 50%] Meshing curve 10 order 2
Info    : [ 60%] Meshing curve 11 order 2
Info    : [ 60%] Meshing curve 12 order 2
Info    : [ 70%] Meshing surface 1 order 2
Info    : [ 70%] Meshing surface 2 order 2
Info    : [ 80%] Meshing surface 3 order 2
Info    : [ 80%] Meshing surface 4 order 2
Info    : [ 90%] Meshing surface 5 order 2
Info    : [ 90%] Meshing surface 6 order 2
Info    : [100%] Meshing volume 1 order 2
Info    : [100%] Meshing volume 2 order 2
Info    : Surface mesh: worst distortion = 0.797589 (0 elements in ]0, 0.2]); worst gamma = 0.638304
Info    : Volume mesh: worst distortion = 0.268213 (0 elements in ]0, 0.2])
Info    : Done meshing order 2 (Wall 12.0516s, CPU 12.0493s)
Info    : Writing '/home/user/mscr-mom/현서/scripts/contact_scenarios/fea/betagen_mesh_LM75_phiP150_d15_02.inp'...
Info    : Done writing '/home/user/mscr-mom/현서/scripts/contact_scenarios/fea/betagen_mesh_LM75_phiP150_d15_02.inp'
  [LM75_phiP150_d15] [실패] (822.3s)
[LM75_phiP150_d15 3/14] L_M=75.0, phi=150.0, beta=90.0, s=30.0mm, depth=0.15mm ...
Info    : Meshing 1D...
Info    : [  0%] Meshing curve 1 (BSpline)
Info    : [ 10%] Meshing curve 2 (Ellipse)
Info    : [ 20%] Meshing curve 3 (Ellipse)
Info    : [ 30%] Meshing curve 4 (BSpline)
Info    : [ 40%] Meshing curve 5 (BSpline)
Info    : [ 50%] Meshing curve 6 (BSpline)
Info    : [ 60%] Meshing curve 7 (BSpline)
Info    : [ 60%] Meshing curve 8 (BSpline)
Info    : [ 70%] Meshing curve 9 (BSpline)
Info    : [ 90%] Meshing curve 11 (Circle)
Info    : Done meshing 1D (Wall 0.019557s, CPU 0.018524s)
Info    : Meshing 2D...
Info    : [  0%] Meshing surface 1 (Plane, Frontal-Delaunay)
Info    : [ 20%] Meshing surface 2 (Plane, Frontal-Delaunay)
Info    : [ 40%] Meshing surface 3 (BSpline surface, Frontal-Delaunay)
Info    : [ 60%] Meshing surface 4 (BSpline surface, Frontal-Delaunay)
Info    : [ 70%] Meshing surface 5 (Plane, Frontal-Delaunay)
Info    : [ 90%] Meshing surface 6 (Sphere, Frontal-Delaunay)
Info    : Done meshing 2D (Wall 0.923748s, CPU 0.922026s)
Info    : Meshing 3D...
Info    : 3D Meshing 2 volumes with 2 connected components
Info    : Tetrahedrizing 12487 nodes...
Info    : Done tetrahedrizing 12495 nodes (Wall 0.179696s, CPU 0.172685s)
Info    : Reconstructing mesh...
Info    :  - Creating surface mesh
Info    :  - Identifying boundary edges
Info    :  - Recovering boundary
Info    : Done reconstructing mesh (Wall 0.493021s, CPU 0.478997s)
Info    : Found volume 1
Info    : It. 0 - 0 nodes created - worst tet radius 1.03896 (nodes removed 0 0)
Info    : It. 500 - 500 nodes created - worst tet radius 1.00102 (nodes removed 0 0)
Info    : 3D refinement terminated (13251 nodes total):
Info    :  - 0 Delaunay cavities modified for star shapeness
Info    :  - 0 nodes could not be inserted
Info    :  - 42649 tetrahedra created in 0.0335788 sec. (1270115 tets/s)
Info    : 0 node relocations
Info    : Tetrahedrizing 130 nodes...
Info    : Done tetrahedrizing 138 nodes (Wall 0.0007754s, CPU 0.000777s)
Info    : Reconstructing mesh...
Info    :  - Creating surface mesh
Info    :  - Identifying boundary edges
Info    :  - Recovering boundary
Info    : Done reconstructing mesh (Wall 0.00195773s, CPU 0.001959s)
Info    : Found volume 2
Info    : It. 0 - 0 nodes created - worst tet radius 3.03887 (nodes removed 0 0)
Info    : 3D refinement terminated (12697 nodes total):
Info    :  - 0 Delaunay cavities modified for star shapeness
Info    :  - 0 nodes could not be inserted
Info    :  - 487 tetrahedra created in 0.00830552 sec. (58635 tets/s)
Info    : 0 node relocations
Info    : Done meshing 3D (Wall 0.821567s, CPU 0.807449s)
Info    : Optimizing mesh...
Info    : Optimizing volume 1
Info    : Optimization starts (volume = 235.603) with worst = 0.000883265 / average = 0.685716:
Info    : 0.00 < quality < 0.10 :       236 elements
Info    : 0.10 < quality < 0.20 :       356 elements
Info    : 0.20 < quality < 0.30 :       599 elements
Info    : 0.30 < quality < 0.40 :       826 elements
Info    : 0.40 < quality < 0.50 :      1156 elements
Info    : 0.50 < quality < 0.60 :      3846 elements
Info    : 0.60 < quality < 0.70 :     11926 elements
Info    : 0.70 < quality < 0.80 :     19556 elements
Info    : 0.80 < quality < 0.90 :      2203 elements
Info    : 0.90 < quality < 1.00 :      1945 elements
Info    : 1112 edge swaps, 21 node relocations (volume = 235.603): worst = 0.0291094 / average = 0.701141 (Wall 0.0179377s, CPU 0.017938s)
Info    : 1177 edge swaps, 23 node relocations (volume = 235.603): worst = 0.149958 / average = 0.701901 (Wall 0.0228551s, CPU 0.022854s)
Info    : 1178 edge swaps, 24 node relocations (volume = 235.603): worst = 0.149958 / average = 0.701897 (Wall 0.0260161s, CPU 0.026016s)
Info    : No ill-shaped tets in the mesh :-)
Info    : 0.00 < quality < 0.10 :         0 elements
Info    : 0.10 < quality < 0.20 :         2 elements
Info    : 0.20 < quality < 0.30 :         6 elements
Info    : 0.30 < quality < 0.40 :       642 elements
Info    : 0.40 < quality < 0.50 :      1014 elements
Info    : 0.50 < quality < 0.60 :      3964 elements
Info    : 0.60 < quality < 0.70 :     12258 elements
Info    : 0.70 < quality < 0.80 :     19364 elements
Info    : 0.80 < quality < 0.90 :      2368 elements
Info    : 0.90 < quality < 1.00 :      1955 elements
Info    : Optimizing volume 2
Info    : Optimization starts (volume = 0.256435) with worst = 0.191529 / average = 0.744184:
Info    : 0.00 < quality < 0.10 :         0 elements
Info    : 0.10 < quality < 0.20 :         1 elements
Info    : 0.20 < quality < 0.30 :         5 elements
Info    : 0.30 < quality < 0.40 :         7 elements
Info    : 0.40 < quality < 0.50 :        28 elements
Info    : 0.50 < quality < 0.60 :        21 elements
Info    : 0.60 < quality < 0.70 :        72 elements
Info    : 0.70 < quality < 0.80 :       168 elements
Info    : 0.80 < quality < 0.90 :       144 elements
Info    : 0.90 < quality < 1.00 :        41 elements
Info    : 6 edge swaps, 0 node relocations (volume = 0.256435): worst = 0.347362 / average = 0.751388 (Wall 9.96422e-05s, CPU 0.000102s)
Info    : No ill-shaped tets in the mesh :-)
Info    : 0.00 < quality < 0.10 :         0 elements
Info    : 0.10 < quality < 0.20 :         0 elements
Info    : 0.20 < quality < 0.30 :         0 elements
Info    : 0.30 < quality < 0.40 :         7 elements
Info    : 0.40 < quality < 0.50 :        25 elements
Info    : 0.50 < quality < 0.60 :        22 elements
Info    : 0.60 < quality < 0.70 :        74 elements
Info    : 0.70 < quality < 0.80 :       170 elements
Info    : 0.80 < quality < 0.90 :       143 elements
Info    : 0.90 < quality < 1.00 :        41 elements
Info    : Done optimizing mesh (Wall 0.058232s, CPU 0.058231s)
Info    : 13650 nodes 68508 elements
Info    : Meshing order 2 (curvilinear on)...
Info    : [  0%] Meshing curve 1 order 2
Info    : [ 10%] Meshing curve 2 order 2
Info    : [ 20%] Meshing curve 3 order 2
Info    : [ 20%] Meshing curve 4 order 2
Info    : [ 30%] Meshing curve 5 order 2
Info    : [ 30%] Meshing curve 6 order 2
Info    : [ 40%] Meshing curve 7 order 2
Info    : [ 40%] Meshing curve 8 order 2
Info    : [ 50%] Meshing curve 9 order 2
Info    : [ 50%] Meshing curve 10 order 2
Info    : [ 60%] Meshing curve 11 order 2
Info    : [ 60%] Meshing curve 12 order 2
Info    : [ 70%] Meshing surface 1 order 2
Info    : [ 70%] Meshing surface 2 order 2
Info    : [ 80%] Meshing surface 3 order 2
Info    : [ 80%] Meshing surface 4 order 2
Info    : [ 90%] Meshing surface 5 order 2
Info    : [ 90%] Meshing surface 6 order 2
Info    : [100%] Meshing volume 1 order 2
Info    : [100%] Meshing volume 2 order 2
Info    : Surface mesh: worst distortion = 0.797589 (0 elements in ]0, 0.2]); worst gamma = 0.638304
Info    : Volume mesh: worst distortion = 0.268213 (0 elements in ]0, 0.2])
Info    : Done meshing order 2 (Wall 12.5078s, CPU 12.4942s)
Info    : Writing '/home/user/mscr-mom/현서/scripts/contact_scenarios/fea/betagen_mesh_LM75_phiP150_d15_03.inp'...
Info    : Done writing '/home/user/mscr-mom/현서/scripts/contact_scenarios/fea/betagen_mesh_LM75_phiP150_d15_03.inp'
  [LM75_phiP150_d15] F_mag=0.0138mN  (249.4s)
[LM75_phiP150_d15 4/14] L_M=75.0, phi=150.0, beta=90.0, s=60.0mm, depth=0.15mm ...
Info    : Meshing 1D...
Info    : [  0%] Meshing curve 1 (BSpline)
Info    : [ 10%] Meshing curve 2 (Ellipse)
Info    : [ 20%] Meshing curve 3 (Ellipse)
Info    : [ 30%] Meshing curve 4 (BSpline)
Info    : [ 40%] Meshing curve 5 (BSpline)
Info    : [ 50%] Meshing curve 6 (BSpline)
Info    : [ 60%] Meshing curve 7 (BSpline)
Info    : [ 60%] Meshing curve 8 (BSpline)
Info    : [ 70%] Meshing curve 9 (BSpline)
Info    : [ 90%] Meshing curve 11 (Circle)
Info    : Done meshing 1D (Wall 0.0192699s, CPU 0.019235s)
Info    : Meshing 2D...
Info    : [  0%] Meshing surface 1 (Plane, Frontal-Delaunay)
Info    : [ 20%] Meshing surface 2 (Plane, Frontal-Delaunay)
Info    : [ 40%] Meshing surface 3 (BSpline surface, Frontal-Delaunay)
Info    : [ 60%] Meshing surface 4 (BSpline surface, Frontal-Delaunay)
Info    : [ 70%] Meshing surface 5 (Plane, Frontal-Delaunay)
Info    : [ 90%] Meshing surface 6 (Sphere, Frontal-Delaunay)
Info    : Done meshing 2D (Wall 0.746633s, CPU 0.746535s)
Info    : Meshing 3D...
Info    : 3D Meshing 2 volumes with 2 connected components
Info    : Tetrahedrizing 12487 nodes...
Info    : Done tetrahedrizing 12495 nodes (Wall 0.13912s, CPU 0.134115s)
Info    : Reconstructing mesh...
Info    :  - Creating surface mesh
Info    :  - Identifying boundary edges
Info    :  - Recovering boundary
Info    : Done reconstructing mesh (Wall 0.361457s, CPU 0.347433s)
Info    : Found volume 1
Info    : It. 0 - 0 nodes created - worst tet radius 1.03896 (nodes removed 0 0)
Info    : It. 500 - 500 nodes created - worst tet radius 1.00102 (nodes removed 0 0)
Info    : 3D refinement terminated (13251 nodes total):
Info    :  - 0 Delaunay cavities modified for star shapeness
Info    :  - 0 nodes could not be inserted
Info    :  - 42649 tetrahedra created in 0.0406985 sec. (1047924 tets/s)
Info    : 0 node relocations
Info    : Tetrahedrizing 130 nodes...
Info    : Done tetrahedrizing 138 nodes (Wall 0.000797655s, CPU 0.000799s)
Info    : Reconstructing mesh...
Info    :  - Creating surface mesh
Info    :  - Identifying boundary edges
Info    :  - Recovering boundary
Info    : Done reconstructing mesh (Wall 0.00197397s, CPU 0.001976s)
Info    : Found volume 2
Info    : It. 0 - 0 nodes created - worst tet radius 3.03887 (nodes removed 0 0)
Info    : 3D refinement terminated (12697 nodes total):
Info    :  - 0 Delaunay cavities modified for star shapeness
Info    :  - 0 nodes could not be inserted
Info    :  - 487 tetrahedra created in 0.00527624 sec. (92300 tets/s)
Info    : 0 node relocations
Info    : Done meshing 3D (Wall 0.702907s, CPU 0.688876s)
Info    : Optimizing mesh...
Info    : Optimizing volume 1
Info    : Optimization starts (volume = 235.603) with worst = 0.000883265 / average = 0.685716:
Info    : 0.00 < quality < 0.10 :       236 elements
Info    : 0.10 < quality < 0.20 :       356 elements
Info    : 0.20 < quality < 0.30 :       599 elements
Info    : 0.30 < quality < 0.40 :       826 elements
Info    : 0.40 < quality < 0.50 :      1156 elements
Info    : 0.50 < quality < 0.60 :      3846 elements
Info    : 0.60 < quality < 0.70 :     11926 elements
Info    : 0.70 < quality < 0.80 :     19556 elements
Info    : 0.80 < quality < 0.90 :      2203 elements
Info    : 0.90 < quality < 1.00 :      1945 elements
Info    : 1112 edge swaps, 21 node relocations (volume = 235.603): worst = 0.0291094 / average = 0.701141 (Wall 0.0160022s, CPU 0.016003s)
Info    : 1177 edge swaps, 23 node relocations (volume = 235.603): worst = 0.149958 / average = 0.701901 (Wall 0.0195761s, CPU 0.019577s)
Info    : 1178 edge swaps, 24 node relocations (volume = 235.603): worst = 0.149958 / average = 0.701897 (Wall 0.022187s, CPU 0.022188s)
Info    : No ill-shaped tets in the mesh :-)
Info    : 0.00 < quality < 0.10 :         0 elements
Info    : 0.10 < quality < 0.20 :         2 elements
Info    : 0.20 < quality < 0.30 :         6 elements
Info    : 0.30 < quality < 0.40 :       642 elements
Info    : 0.40 < quality < 0.50 :      1014 elements
Info    : 0.50 < quality < 0.60 :      3964 elements
Info    : 0.60 < quality < 0.70 :     12258 elements
Info    : 0.70 < quality < 0.80 :     19364 elements
Info    : 0.80 < quality < 0.90 :      2368 elements
Info    : 0.90 < quality < 1.00 :      1955 elements
Info    : Optimizing volume 2
Info    : Optimization starts (volume = 0.256435) with worst = 0.191529 / average = 0.744184:
Info    : 0.00 < quality < 0.10 :         0 elements
Info    : 0.10 < quality < 0.20 :         1 elements
Info    : 0.20 < quality < 0.30 :         5 elements
Info    : 0.30 < quality < 0.40 :         7 elements
Info    : 0.40 < quality < 0.50 :        28 elements
Info    : 0.50 < quality < 0.60 :        21 elements
Info    : 0.60 < quality < 0.70 :        72 elements
Info    : 0.70 < quality < 0.80 :       168 elements
Info    : 0.80 < quality < 0.90 :       144 elements
Info    : 0.90 < quality < 1.00 :        41 elements
Info    : 6 edge swaps, 0 node relocations (volume = 0.256435): worst = 0.347362 / average = 0.751388 (Wall 0.000111429s, CPU 0.000113s)
Info    : No ill-shaped tets in the mesh :-)
Info    : 0.00 < quality < 0.10 :         0 elements
Info    : 0.10 < quality < 0.20 :         0 elements
Info    : 0.20 < quality < 0.30 :         0 elements
Info    : 0.30 < quality < 0.40 :         7 elements
Info    : 0.40 < quality < 0.50 :        25 elements
Info    : 0.50 < quality < 0.60 :        22 elements
Info    : 0.60 < quality < 0.70 :        74 elements
Info    : 0.70 < quality < 0.80 :       170 elements
Info    : 0.80 < quality < 0.90 :       143 elements
Info    : 0.90 < quality < 1.00 :        41 elements
Info    : Done optimizing mesh (Wall 0.057306s, CPU 0.057307s)
Info    : 13650 nodes 68508 elements
Info    : Meshing order 2 (curvilinear on)...
Info    : [  0%] Meshing curve 1 order 2
Info    : [ 10%] Meshing curve 2 order 2
Info    : [ 20%] Meshing curve 3 order 2
Info    : [ 20%] Meshing curve 4 order 2
Info    : [ 30%] Meshing curve 5 order 2
Info    : [ 30%] Meshing curve 6 order 2
Info    : [ 40%] Meshing curve 7 order 2
Info    : [ 40%] Meshing curve 8 order 2
Info    : [ 50%] Meshing curve 9 order 2
Info    : [ 50%] Meshing curve 10 order 2
Info    : [ 60%] Meshing curve 11 order 2
Info    : [ 60%] Meshing curve 12 order 2
Info    : [ 70%] Meshing surface 1 order 2
Info    : [ 70%] Meshing surface 2 order 2
Info    : [ 80%] Meshing surface 3 order 2
Info    : [ 80%] Meshing surface 4 order 2
Info    : [ 90%] Meshing surface 5 order 2
Info    : [ 90%] Meshing surface 6 order 2
Info    : [100%] Meshing volume 1 order 2
Info    : [100%] Meshing volume 2 order 2
Info    : Surface mesh: worst distortion = 0.797589 (0 elements in ]0, 0.2]); worst gamma = 0.638304
Info    : Volume mesh: worst distortion = 0.268213 (0 elements in ]0, 0.2])
Info    : Done meshing order 2 (Wall 12.7189s, CPU 12.7074s)
Info    : Writing '/home/user/mscr-mom/현서/scripts/contact_scenarios/fea/betagen_mesh_LM75_phiP150_d15_04.inp'...
Info    : Done writing '/home/user/mscr-mom/현서/scripts/contact_scenarios/fea/betagen_mesh_LM75_phiP150_d15_04.inp'
  [LM75_phiP150_d15] [실패] (941.2s)
[LM75_phiP150_d15 5/14] L_M=75.0, phi=150.0, beta=135.0, s=30.0mm, depth=0.15mm ...
Info    : Meshing 1D...
Info    : [  0%] Meshing curve 1 (BSpline)
Info    : [ 10%] Meshing curve 2 (Ellipse)
Info    : [ 20%] Meshing curve 3 (Ellipse)
Info    : [ 30%] Meshing curve 4 (BSpline)
Info    : [ 40%] Meshing curve 5 (BSpline)
Info    : [ 50%] Meshing curve 6 (BSpline)
Info    : [ 60%] Meshing curve 7 (BSpline)
Info    : [ 60%] Meshing curve 8 (BSpline)
Info    : [ 70%] Meshing curve 9 (BSpline)
Info    : [ 90%] Meshing curve 11 (Circle)
Info    : Done meshing 1D (Wall 0.0192605s, CPU 0.019167s)
Info    : Meshing 2D...
Info    : [  0%] Meshing surface 1 (Plane, Frontal-Delaunay)
Info    : [ 20%] Meshing surface 2 (Plane, Frontal-Delaunay)
Info    : [ 40%] Meshing surface 3 (BSpline surface, Frontal-Delaunay)
Info    : [ 60%] Meshing surface 4 (BSpline surface, Frontal-Delaunay)
Info    : [ 70%] Meshing surface 5 (Plane, Frontal-Delaunay)
Info    : [ 90%] Meshing surface 6 (Sphere, Frontal-Delaunay)
Info    : Done meshing 2D (Wall 0.790642s, CPU 0.790463s)
Info    : Meshing 3D...
Info    : 3D Meshing 2 volumes with 2 connected components
Info    : Tetrahedrizing 12487 nodes...
Info    : Done tetrahedrizing 12495 nodes (Wall 0.139053s, CPU 0.13605s)
Info    : Reconstructing mesh...
Info    :  - Creating surface mesh
Info    :  - Identifying boundary edges
Info    :  - Recovering boundary
Info    : Done reconstructing mesh (Wall 0.360183s, CPU 0.348171s)
Info    : Found volume 1
Info    : It. 0 - 0 nodes created - worst tet radius 1.03896 (nodes removed 0 0)
Info    : It. 500 - 500 nodes created - worst tet radius 1.00102 (nodes removed 0 0)
Info    : 3D refinement terminated (13252 nodes total):
Info    :  - 0 Delaunay cavities modified for star shapeness
Info    :  - 0 nodes could not be inserted
Info    :  - 42649 tetrahedra created in 0.03506 sec. (1216455 tets/s)
Info    : 0 node relocations
Info    : Tetrahedrizing 131 nodes...
Info    : Done tetrahedrizing 139 nodes (Wall 0.000799133s, CPU 0.000799s)
Info    : Reconstructing mesh...
Info    :  - Creating surface mesh
Info    :  - Identifying boundary edges
Info    :  - Recovering boundary
Info    : Done reconstructing mesh (Wall 0.0022366s, CPU 0.00224s)
Info    : Found volume 2
Info    : It. 0 - 0 nodes created - worst tet radius 3.13238 (nodes removed 0 0)
Info    : 3D refinement terminated (12703 nodes total):
Info    :  - 0 Delaunay cavities modified for star shapeness
Info    :  - 0 nodes could not be inserted
Info    :  - 530 tetrahedra created in 0.0062689 sec. (84544 tets/s)
Info    : 0 node relocations
Info    : Done meshing 3D (Wall 0.746651s, CPU 0.73264s)
Info    : Optimizing mesh...
Info    : Optimizing volume 1
Info    : Optimization starts (volume = 235.603) with worst = 0.000883265 / average = 0.685716:
Info    : 0.00 < quality < 0.10 :       236 elements
Info    : 0.10 < quality < 0.20 :       356 elements
Info    : 0.20 < quality < 0.30 :       599 elements
Info    : 0.30 < quality < 0.40 :       826 elements
Info    : 0.40 < quality < 0.50 :      1156 elements
Info    : 0.50 < quality < 0.60 :      3846 elements
Info    : 0.60 < quality < 0.70 :     11926 elements
Info    : 0.70 < quality < 0.80 :     19556 elements
Info    : 0.80 < quality < 0.90 :      2203 elements
Info    : 0.90 < quality < 1.00 :      1945 elements
Info    : 1112 edge swaps, 21 node relocations (volume = 235.603): worst = 0.0291094 / average = 0.701141 (Wall 0.0184382s, CPU 0.018437s)
Info    : 1177 edge swaps, 23 node relocations (volume = 235.603): worst = 0.149958 / average = 0.701901 (Wall 0.0232513s, CPU 0.02325s)
Info    : 1178 edge swaps, 24 node relocations (volume = 235.603): worst = 0.149958 / average = 0.701897 (Wall 0.0267156s, CPU 0.026714s)
Info    : No ill-shaped tets in the mesh :-)
Info    : 0.00 < quality < 0.10 :         0 elements
Info    : 0.10 < quality < 0.20 :         2 elements
Info    : 0.20 < quality < 0.30 :         6 elements
Info    : 0.30 < quality < 0.40 :       642 elements
Info    : 0.40 < quality < 0.50 :      1014 elements
Info    : 0.50 < quality < 0.60 :      3964 elements
Info    : 0.60 < quality < 0.70 :     12258 elements
Info    : 0.70 < quality < 0.80 :     19364 elements
Info    : 0.80 < quality < 0.90 :      2368 elements
Info    : 0.90 < quality < 1.00 :      1955 elements
Info    : Optimizing volume 2
Info    : Optimization starts (volume = 0.256422) with worst = 0.122292 / average = 0.743468:
Info    : 0.00 < quality < 0.10 :         0 elements
Info    : 0.10 < quality < 0.20 :         7 elements
Info    : 0.20 < quality < 0.30 :         5 elements
Info    : 0.30 < quality < 0.40 :        11 elements
Info    : 0.40 < quality < 0.50 :        19 elements
Info    : 0.50 < quality < 0.60 :        29 elements
Info    : 0.60 < quality < 0.70 :        79 elements
Info    : 0.70 < quality < 0.80 :       163 elements
Info    : 0.80 < quality < 0.90 :       167 elements
Info    : 0.90 < quality < 1.00 :        50 elements
Info    : 12 edge swaps, 0 node relocations (volume = 0.256422): worst = 0.303237 / average = 0.755671 (Wall 0.000147076s, CPU 0.000148s)
Info    : No ill-shaped tets in the mesh :-)
Info    : 0.00 < quality < 0.10 :         0 elements
Info    : 0.10 < quality < 0.20 :         0 elements
Info    : 0.20 < quality < 0.30 :         0 elements
Info    : 0.30 < quality < 0.40 :        12 elements
Info    : 0.40 < quality < 0.50 :        19 elements
Info    : 0.50 < quality < 0.60 :        25 elements
Info    : 0.60 < quality < 0.70 :        85 elements
Info    : 0.70 < quality < 0.80 :       161 elements
Info    : 0.80 < quality < 0.90 :       168 elements
Info    : 0.90 < quality < 1.00 :        50 elements
Info    : Done optimizing mesh (Wall 0.0611278s, CPU 0.061123s)
Info    : 13656 nodes 68548 elements
Info    : Meshing order 2 (curvilinear on)...
Info    : [  0%] Meshing curve 1 order 2
Info    : [ 10%] Meshing curve 2 order 2
Info    : [ 20%] Meshing curve 3 order 2
Info    : [ 20%] Meshing curve 4 order 2
Info    : [ 30%] Meshing curve 5 order 2
Info    : [ 30%] Meshing curve 6 order 2
Info    : [ 40%] Meshing curve 7 order 2
Info    : [ 40%] Meshing curve 8 order 2
Info    : [ 50%] Meshing curve 9 order 2
Info    : [ 50%] Meshing curve 10 order 2
Info    : [ 60%] Meshing curve 11 order 2
Info    : [ 60%] Meshing curve 12 order 2
Info    : [ 70%] Meshing surface 1 order 2
Info    : [ 70%] Meshing surface 2 order 2
Info    : [ 80%] Meshing surface 3 order 2
Info    : [ 80%] Meshing surface 4 order 2
Info    : [ 90%] Meshing surface 5 order 2
Info    : [ 90%] Meshing surface 6 order 2
Info    : [100%] Meshing volume 1 order 2
Info    : [100%] Meshing volume 2 order 2
Info    : Surface mesh: worst distortion = 0.797589 (0 elements in ]0, 0.2]); worst gamma = 0.638304
Info    : Volume mesh: worst distortion = 0.268213 (0 elements in ]0, 0.2])
Info    : Done meshing order 2 (Wall 12.4196s, CPU 12.404s)
Info    : Writing '/home/user/mscr-mom/현서/scripts/contact_scenarios/fea/betagen_mesh_LM75_phiP150_d15_05.inp'...
Info    : Done writing '/home/user/mscr-mom/현서/scripts/contact_scenarios/fea/betagen_mesh_LM75_phiP150_d15_05.inp'
  [LM75_phiP150_d15] F_mag=0.0132mN  (655.5s)
[LM75_phiP150_d15 6/14] L_M=75.0, phi=150.0, beta=135.0, s=60.0mm, depth=0.15mm ...
Info    : Meshing 1D...
Info    : [  0%] Meshing curve 1 (BSpline)
Info    : [ 10%] Meshing curve 2 (Ellipse)
Info    : [ 20%] Meshing curve 3 (Ellipse)
Info    : [ 30%] Meshing curve 4 (BSpline)
Info    : [ 40%] Meshing curve 5 (BSpline)
Info    : [ 50%] Meshing curve 6 (BSpline)
Info    : [ 60%] Meshing curve 7 (BSpline)
Info    : [ 60%] Meshing curve 8 (BSpline)
Info    : [ 70%] Meshing curve 9 (BSpline)
Info    : [ 90%] Meshing curve 11 (Circle)
Info    : Done meshing 1D (Wall 0.0190958s, CPU 0.019096s)
Info    : Meshing 2D...
Info    : [  0%] Meshing surface 1 (Plane, Frontal-Delaunay)
Info    : [ 20%] Meshing surface 2 (Plane, Frontal-Delaunay)
Info    : [ 40%] Meshing surface 3 (BSpline surface, Frontal-Delaunay)
Info    : [ 60%] Meshing surface 4 (BSpline surface, Frontal-Delaunay)
Info    : [ 70%] Meshing surface 5 (Plane, Frontal-Delaunay)
Info    : [ 90%] Meshing surface 6 (Sphere, Frontal-Delaunay)
Info    : Done meshing 2D (Wall 0.768802s, CPU 0.767873s)
Info    : Meshing 3D...
Info    : 3D Meshing 2 volumes with 2 connected components
Info    : Tetrahedrizing 12487 nodes...
Info    : Done tetrahedrizing 12495 nodes (Wall 0.147854s, CPU 0.138835s)
Info    : Reconstructing mesh...
Info    :  - Creating surface mesh
Info    :  - Identifying boundary edges
Info    :  - Recovering boundary
Info    : Done reconstructing mesh (Wall 0.389863s, CPU 0.371834s)
Info    : Found volume 1
Info    : It. 0 - 0 nodes created - worst tet radius 1.03896 (nodes removed 0 0)
Info    : It. 500 - 500 nodes created - worst tet radius 1.00102 (nodes removed 0 0)
Info    : 3D refinement terminated (13251 nodes total):
Info    :  - 0 Delaunay cavities modified for star shapeness
Info    :  - 0 nodes could not be inserted
Info    :  - 42649 tetrahedra created in 0.0444532 sec. (959413 tets/s)
Info    : 0 node relocations
Info    : Tetrahedrizing 130 nodes...
Info    : Done tetrahedrizing 138 nodes (Wall 0.000841335s, CPU 0s)
Info    : Reconstructing mesh...
Info    :  - Creating surface mesh
Info    :  - Identifying boundary edges
Info    :  - Recovering boundary
Info    : Done reconstructing mesh (Wall 0.00230347s, CPU 0.001305s)
Info    : Found volume 2
Info    : It. 0 - 0 nodes created - worst tet radius 3.03887 (nodes removed 0 0)
Info    : 3D refinement terminated (12697 nodes total):
Info    :  - 0 Delaunay cavities modified for star shapeness
Info    :  - 0 nodes could not be inserted
Info    :  - 487 tetrahedra created in 0.00834606 sec. (58350 tets/s)
Info    : 0 node relocations
Info    : Done meshing 3D (Wall 0.763871s, CPU 0.744801s)
Info    : Optimizing mesh...
Info    : Optimizing volume 1
Info    : Optimization starts (volume = 235.603) with worst = 0.000883265 / average = 0.685716:
Info    : 0.00 < quality < 0.10 :       236 elements
Info    : 0.10 < quality < 0.20 :       356 elements
Info    : 0.20 < quality < 0.30 :       599 elements
Info    : 0.30 < quality < 0.40 :       826 elements
Info    : 0.40 < quality < 0.50 :      1156 elements
Info    : 0.50 < quality < 0.60 :      3846 elements
Info    : 0.60 < quality < 0.70 :     11926 elements
Info    : 0.70 < quality < 0.80 :     19556 elements
Info    : 0.80 < quality < 0.90 :      2203 elements
Info    : 0.90 < quality < 1.00 :      1945 elements
Info    : 1112 edge swaps, 21 node relocations (volume = 235.603): worst = 0.0291094 / average = 0.701141 (Wall 0.0160665s, CPU 0.016066s)
Info    : 1177 edge swaps, 23 node relocations (volume = 235.603): worst = 0.149958 / average = 0.701901 (Wall 0.0204797s, CPU 0.020481s)
Info    : 1178 edge swaps, 24 node relocations (volume = 235.603): worst = 0.149958 / average = 0.701897 (Wall 0.0232994s, CPU 0.0233s)
Info    : No ill-shaped tets in the mesh :-)
Info    : 0.00 < quality < 0.10 :         0 elements
Info    : 0.10 < quality < 0.20 :         2 elements
Info    : 0.20 < quality < 0.30 :         6 elements
Info    : 0.30 < quality < 0.40 :       642 elements
Info    : 0.40 < quality < 0.50 :      1014 elements
Info    : 0.50 < quality < 0.60 :      3964 elements
Info    : 0.60 < quality < 0.70 :     12258 elements
Info    : 0.70 < quality < 0.80 :     19364 elements
Info    : 0.80 < quality < 0.90 :      2368 elements
Info    : 0.90 < quality < 1.00 :      1955 elements
Info    : Optimizing volume 2
Info    : Optimization starts (volume = 0.256435) with worst = 0.191529 / average = 0.744184:
Info    : 0.00 < quality < 0.10 :         0 elements
Info    : 0.10 < quality < 0.20 :         1 elements
Info    : 0.20 < quality < 0.30 :         5 elements
Info    : 0.30 < quality < 0.40 :         7 elements
Info    : 0.40 < quality < 0.50 :        28 elements
Info    : 0.50 < quality < 0.60 :        21 elements
Info    : 0.60 < quality < 0.70 :        72 elements
Info    : 0.70 < quality < 0.80 :       168 elements
Info    : 0.80 < quality < 0.90 :       144 elements
Info    : 0.90 < quality < 1.00 :        41 elements
Info    : 6 edge swaps, 0 node relocations (volume = 0.256435): worst = 0.347362 / average = 0.751388 (Wall 0.000126434s, CPU 0.000128s)
Info    : No ill-shaped tets in the mesh :-)
Info    : 0.00 < quality < 0.10 :         0 elements
Info    : 0.10 < quality < 0.20 :         0 elements
Info    : 0.20 < quality < 0.30 :         0 elements
Info    : 0.30 < quality < 0.40 :         7 elements
Info    : 0.40 < quality < 0.50 :        25 elements
Info    : 0.50 < quality < 0.60 :        22 elements
Info    : 0.60 < quality < 0.70 :        74 elements
Info    : 0.70 < quality < 0.80 :       170 elements
Info    : 0.80 < quality < 0.90 :       143 elements
Info    : 0.90 < quality < 1.00 :        41 elements
Info    : Done optimizing mesh (Wall 0.0580284s, CPU 0.058027s)
Info    : 13650 nodes 68508 elements
Info    : Meshing order 2 (curvilinear on)...
Info    : [  0%] Meshing curve 1 order 2
Info    : [ 10%] Meshing curve 2 order 2
Info    : [ 20%] Meshing curve 3 order 2
Info    : [ 20%] Meshing curve 4 order 2
Info    : [ 30%] Meshing curve 5 order 2
Info    : [ 30%] Meshing curve 6 order 2
Info    : [ 40%] Meshing curve 7 order 2
Info    : [ 40%] Meshing curve 8 order 2
Info    : [ 50%] Meshing curve 9 order 2
Info    : [ 50%] Meshing curve 10 order 2
Info    : [ 60%] Meshing curve 11 order 2
Info    : [ 60%] Meshing curve 12 order 2
Info    : [ 70%] Meshing surface 1 order 2
Info    : [ 70%] Meshing surface 2 order 2
Info    : [ 80%] Meshing surface 3 order 2
Info    : [ 80%] Meshing surface 4 order 2
Info    : [ 90%] Meshing surface 5 order 2
Info    : [ 90%] Meshing surface 6 order 2
Info    : [100%] Meshing volume 1 order 2
Info    : [100%] Meshing volume 2 order 2
Info    : Surface mesh: worst distortion = 0.797589 (0 elements in ]0, 0.2]); worst gamma = 0.638304
Info    : Volume mesh: worst distortion = 0.268213 (0 elements in ]0, 0.2])
Info    : Done meshing order 2 (Wall 13.6445s, CPU 13.6306s)
Info    : Writing '/home/user/mscr-mom/현서/scripts/contact_scenarios/fea/betagen_mesh_LM75_phiP150_d15_06.inp'...
Info    : Done writing '/home/user/mscr-mom/현서/scripts/contact_scenarios/fea/betagen_mesh_LM75_phiP150_d15_06.inp'
  [LM75_phiP150_d15] F_mag=0.0018mN  (200.5s)
[LM75_phiP150_d15 7/14] L_M=75.0, phi=150.0, beta=180.0, s=30.0mm, depth=0.15mm ...
Info    : Meshing 1D...
Info    : [  0%] Meshing curve 1 (BSpline)
Info    : [ 10%] Meshing curve 2 (Ellipse)
Info    : [ 20%] Meshing curve 3 (Ellipse)
Info    : [ 30%] Meshing curve 4 (BSpline)
Info    : [ 40%] Meshing curve 5 (BSpline)
Info    : [ 50%] Meshing curve 6 (BSpline)
Info    : [ 60%] Meshing curve 7 (BSpline)
Info    : [ 60%] Meshing curve 8 (BSpline)
Info    : [ 70%] Meshing curve 9 (BSpline)
Info    : [ 90%] Meshing curve 11 (Circle)
Info    : Done meshing 1D (Wall 0.0209215s, CPU 0.020907s)
Info    : Meshing 2D...
Info    : [  0%] Meshing surface 1 (Plane, Frontal-Delaunay)
Info    : [ 20%] Meshing surface 2 (Plane, Frontal-Delaunay)
Info    : [ 40%] Meshing surface 3 (BSpline surface, Frontal-Delaunay)
Info    : [ 60%] Meshing surface 4 (BSpline surface, Frontal-Delaunay)
Info    : [ 70%] Meshing surface 5 (Plane, Frontal-Delaunay)
Info    : [ 90%] Meshing surface 6 (Sphere, Frontal-Delaunay)
Info    : Done meshing 2D (Wall 0.908144s, CPU 0.90751s)
Info    : Meshing 3D...
Info    : 3D Meshing 2 volumes with 2 connected components
Info    : Tetrahedrizing 12487 nodes...
Info    : Done tetrahedrizing 12495 nodes (Wall 0.161807s, CPU 0.155793s)
Info    : Reconstructing mesh...
Info    :  - Creating surface mesh
Info    :  - Identifying boundary edges
Info    :  - Recovering boundary
Info    : Done reconstructing mesh (Wall 0.444816s, CPU 0.426772s)
Info    : Found volume 1
Info    : It. 0 - 0 nodes created - worst tet radius 1.03896 (nodes removed 0 0)
Info    : It. 500 - 500 nodes created - worst tet radius 1.00102 (nodes removed 0 0)
Info    : 3D refinement terminated (13252 nodes total):
Info    :  - 0 Delaunay cavities modified for star shapeness
Info    :  - 0 nodes could not be inserted
Info    :  - 42649 tetrahedra created in 0.0290298 sec. (1469144 tets/s)
Info    : 0 node relocations
Info    : Tetrahedrizing 131 nodes...
Info    : Done tetrahedrizing 139 nodes (Wall 0.000826793s, CPU 0.000827s)
Info    : Reconstructing mesh...
Info    :  - Creating surface mesh
Info    :  - Identifying boundary edges
Info    :  - Recovering boundary
Info    : Done reconstructing mesh (Wall 0.00191884s, CPU 0.001914s)
Info    : Found volume 2
Info    : It. 0 - 0 nodes created - worst tet radius 3.13238 (nodes removed 0 0)
Info    : 3D refinement terminated (12703 nodes total):
Info    :  - 0 Delaunay cavities modified for star shapeness
Info    :  - 0 nodes could not be inserted
Info    :  - 530 tetrahedra created in 0.00418583 sec. (126617 tets/s)
Info    : 0 node relocations
Info    : Done meshing 3D (Wall 0.779308s, CPU 0.758934s)
Info    : Optimizing mesh...
Info    : Optimizing volume 1
Info    : Optimization starts (volume = 235.603) with worst = 0.000883265 / average = 0.685716:
Info    : 0.00 < quality < 0.10 :       236 elements
Info    : 0.10 < quality < 0.20 :       356 elements
Info    : 0.20 < quality < 0.30 :       599 elements
Info    : 0.30 < quality < 0.40 :       826 elements
Info    : 0.40 < quality < 0.50 :      1156 elements
Info    : 0.50 < quality < 0.60 :      3846 elements
Info    : 0.60 < quality < 0.70 :     11926 elements
Info    : 0.70 < quality < 0.80 :     19556 elements
Info    : 0.80 < quality < 0.90 :      2203 elements
Info    : 0.90 < quality < 1.00 :      1945 elements
Info    : 1112 edge swaps, 21 node relocations (volume = 235.603): worst = 0.0291094 / average = 0.701141 (Wall 0.0137012s, CPU 0.0127s)
Info    : 1177 edge swaps, 23 node relocations (volume = 235.603): worst = 0.149958 / average = 0.701901 (Wall 0.0165467s, CPU 0.01554s)
Info    : 1178 edge swaps, 24 node relocations (volume = 235.603): worst = 0.149958 / average = 0.701897 (Wall 0.0185767s, CPU 0.01757s)
Info    : No ill-shaped tets in the mesh :-)
Info    : 0.00 < quality < 0.10 :         0 elements
Info    : 0.10 < quality < 0.20 :         2 elements
Info    : 0.20 < quality < 0.30 :         6 elements
Info    : 0.30 < quality < 0.40 :       642 elements
Info    : 0.40 < quality < 0.50 :      1014 elements
Info    : 0.50 < quality < 0.60 :      3964 elements
Info    : 0.60 < quality < 0.70 :     12258 elements
Info    : 0.70 < quality < 0.80 :     19364 elements
Info    : 0.80 < quality < 0.90 :      2368 elements
Info    : 0.90 < quality < 1.00 :      1955 elements
Info    : Optimizing volume 2
Info    : Optimization starts (volume = 0.256422) with worst = 0.122292 / average = 0.743468:
Info    : 0.00 < quality < 0.10 :         0 elements
Info    : 0.10 < quality < 0.20 :         7 elements
Info    : 0.20 < quality < 0.30 :         5 elements
Info    : 0.30 < quality < 0.40 :        11 elements
Info    : 0.40 < quality < 0.50 :        19 elements
Info    : 0.50 < quality < 0.60 :        29 elements
Info    : 0.60 < quality < 0.70 :        79 elements
Info    : 0.70 < quality < 0.80 :       163 elements
Info    : 0.80 < quality < 0.90 :       167 elements
Info    : 0.90 < quality < 1.00 :        50 elements
Info    : 12 edge swaps, 0 node relocations (volume = 0.256422): worst = 0.303237 / average = 0.755671 (Wall 0.000159564s, CPU 0.00016s)
Info    : No ill-shaped tets in the mesh :-)
Info    : 0.00 < quality < 0.10 :         0 elements
Info    : 0.10 < quality < 0.20 :         0 elements
Info    : 0.20 < quality < 0.30 :         0 elements
Info    : 0.30 < quality < 0.40 :        12 elements
Info    : 0.40 < quality < 0.50 :        19 elements
Info    : 0.50 < quality < 0.60 :        25 elements
Info    : 0.60 < quality < 0.70 :        85 elements
Info    : 0.70 < quality < 0.80 :       161 elements
Info    : 0.80 < quality < 0.90 :       168 elements
Info    : 0.90 < quality < 1.00 :        50 elements
Info    : Done optimizing mesh (Wall 0.0426393s, CPU 0.041631s)
Info    : 13656 nodes 68548 elements
Info    : Meshing order 2 (curvilinear on)...
Info    : [  0%] Meshing curve 1 order 2
Info    : [ 10%] Meshing curve 2 order 2
Info    : [ 20%] Meshing curve 3 order 2
Info    : [ 20%] Meshing curve 4 order 2
Info    : [ 30%] Meshing curve 5 order 2
Info    : [ 30%] Meshing curve 6 order 2
Info    : [ 40%] Meshing curve 7 order 2
Info    : [ 40%] Meshing curve 8 order 2
Info    : [ 50%] Meshing curve 9 order 2
Info    : [ 50%] Meshing curve 10 order 2
Info    : [ 60%] Meshing curve 11 order 2
Info    : [ 60%] Meshing curve 12 order 2
Info    : [ 70%] Meshing surface 1 order 2
Info    : [ 70%] Meshing surface 2 order 2
Info    : [ 80%] Meshing surface 3 order 2
Info    : [ 80%] Meshing surface 4 order 2
Info    : [ 90%] Meshing surface 5 order 2
Info    : [ 90%] Meshing surface 6 order 2
Info    : [100%] Meshing volume 1 order 2
Info    : [100%] Meshing volume 2 order 2
Info    : Surface mesh: worst distortion = 0.797589 (0 elements in ]0, 0.2]); worst gamma = 0.638304
Info    : Volume mesh: worst distortion = 0.268213 (0 elements in ]0, 0.2])
Info    : Done meshing order 2 (Wall 12.6531s, CPU 12.6285s)
Info    : Writing '/home/user/mscr-mom/현서/scripts/contact_scenarios/fea/betagen_mesh_LM75_phiP150_d15_07.inp'...
Info    : Done writing '/home/user/mscr-mom/현서/scripts/contact_scenarios/fea/betagen_mesh_LM75_phiP150_d15_07.inp'
  [LM75_phiP150_d15] F_mag=0.0140mN  (193.4s)
[LM75_phiP150_d15 8/14] L_M=75.0, phi=150.0, beta=180.0, s=60.0mm, depth=0.15mm ...
Info    : Meshing 1D...
Info    : [  0%] Meshing curve 1 (BSpline)
Info    : [ 10%] Meshing curve 2 (Ellipse)
Info    : [ 20%] Meshing curve 3 (Ellipse)
Info    : [ 30%] Meshing curve 4 (BSpline)
Info    : [ 40%] Meshing curve 5 (BSpline)
Info    : [ 50%] Meshing curve 6 (BSpline)
Info    : [ 60%] Meshing curve 7 (BSpline)
Info    : [ 60%] Meshing curve 8 (BSpline)
Info    : [ 70%] Meshing curve 9 (BSpline)
Info    : [ 90%] Meshing curve 11 (Circle)
Info    : Done meshing 1D (Wall 0.0190863s, CPU 0.01905s)
Info    : Meshing 2D...
Info    : [  0%] Meshing surface 1 (Plane, Frontal-Delaunay)
Info    : [ 20%] Meshing surface 2 (Plane, Frontal-Delaunay)
Info    : [ 40%] Meshing surface 3 (BSpline surface, Frontal-Delaunay)
Info    : [ 60%] Meshing surface 4 (BSpline surface, Frontal-Delaunay)
Info    : [ 70%] Meshing surface 5 (Plane, Frontal-Delaunay)
Info    : [ 90%] Meshing surface 6 (Sphere, Frontal-Delaunay)
Info    : Done meshing 2D (Wall 0.795342s, CPU 0.793837s)
Info    : Meshing 3D...
Info    : 3D Meshing 2 volumes with 2 connected components
Info    : Tetrahedrizing 12487 nodes...
Info    : Done tetrahedrizing 12495 nodes (Wall 0.141199s, CPU 0.136199s)
Info    : Reconstructing mesh...
Info    :  - Creating surface mesh
Info    :  - Identifying boundary edges
Info    :  - Recovering boundary
Info    : Done reconstructing mesh (Wall 0.409225s, CPU 0.37498s)
Info    : Found volume 1
Info    : It. 0 - 0 nodes created - worst tet radius 1.03896 (nodes removed 0 0)
Info    : It. 500 - 500 nodes created - worst tet radius 1.00102 (nodes removed 0 0)
Info    : 3D refinement terminated (13251 nodes total):
Info    :  - 0 Delaunay cavities modified for star shapeness
Info    :  - 0 nodes could not be inserted
Info    :  - 42649 tetrahedra created in 0.0362671 sec. (1175970 tets/s)
Info    : 0 node relocations
Info    : Tetrahedrizing 130 nodes...
Info    : Done tetrahedrizing 138 nodes (Wall 0.000816597s, CPU 0.000817s)
Info    : Reconstructing mesh...
Info    :  - Creating surface mesh
Info    :  - Identifying boundary edges
Info    :  - Recovering boundary
Info    : Done reconstructing mesh (Wall 0.0023929s, CPU 0.002395s)
Info    : Found volume 2
Info    : It. 0 - 0 nodes created - worst tet radius 3.03887 (nodes removed 0 0)
Info    : 3D refinement terminated (12697 nodes total):
Info    :  - 0 Delaunay cavities modified for star shapeness
Info    :  - 0 nodes could not be inserted
Info    :  - 487 tetrahedra created in 0.00736738 sec. (66102 tets/s)
Info    : 0 node relocations
Info    : Done meshing 3D (Wall 0.767194s, CPU 0.731861s)
Info    : Optimizing mesh...
Info    : Optimizing volume 1
Info    : Optimization starts (volume = 235.603) with worst = 0.000883265 / average = 0.685716:
Info    : 0.00 < quality < 0.10 :       236 elements
Info    : 0.10 < quality < 0.20 :       356 elements
Info    : 0.20 < quality < 0.30 :       599 elements
Info    : 0.30 < quality < 0.40 :       826 elements
Info    : 0.40 < quality < 0.50 :      1156 elements
Info    : 0.50 < quality < 0.60 :      3846 elements
Info    : 0.60 < quality < 0.70 :     11926 elements
Info    : 0.70 < quality < 0.80 :     19556 elements
Info    : 0.80 < quality < 0.90 :      2203 elements
Info    : 0.90 < quality < 1.00 :      1945 elements
Info    : 1112 edge swaps, 21 node relocations (volume = 235.603): worst = 0.0291094 / average = 0.701141 (Wall 0.0166745s, CPU 0.016677s)
Info    : 1177 edge swaps, 23 node relocations (volume = 235.603): worst = 0.149958 / average = 0.701901 (Wall 0.0200089s, CPU 0.020012s)
Info    : 1178 edge swaps, 24 node relocations (volume = 235.603): worst = 0.149958 / average = 0.701897 (Wall 0.0221485s, CPU 0.022152s)
Info    : No ill-shaped tets in the mesh :-)
Info    : 0.00 < quality < 0.10 :         0 elements
Info    : 0.10 < quality < 0.20 :         2 elements
Info    : 0.20 < quality < 0.30 :         6 elements
Info    : 0.30 < quality < 0.40 :       642 elements
Info    : 0.40 < quality < 0.50 :      1014 elements
Info    : 0.50 < quality < 0.60 :      3964 elements
Info    : 0.60 < quality < 0.70 :     12258 elements
Info    : 0.70 < quality < 0.80 :     19364 elements
Info    : 0.80 < quality < 0.90 :      2368 elements
Info    : 0.90 < quality < 1.00 :      1955 elements
Info    : Optimizing volume 2
Info    : Optimization starts (volume = 0.256435) with worst = 0.191529 / average = 0.744184:
Info    : 0.00 < quality < 0.10 :         0 elements
Info    : 0.10 < quality < 0.20 :         1 elements
Info    : 0.20 < quality < 0.30 :         5 elements
Info    : 0.30 < quality < 0.40 :         7 elements
Info    : 0.40 < quality < 0.50 :        28 elements
Info    : 0.50 < quality < 0.60 :        21 elements
Info    : 0.60 < quality < 0.70 :        72 elements
Info    : 0.70 < quality < 0.80 :       168 elements
Info    : 0.80 < quality < 0.90 :       144 elements
Info    : 0.90 < quality < 1.00 :        41 elements
Info    : 6 edge swaps, 0 node relocations (volume = 0.256435): worst = 0.347362 / average = 0.751388 (Wall 9.69982e-05s, CPU 9.8e-05s)
Info    : No ill-shaped tets in the mesh :-)
Info    : 0.00 < quality < 0.10 :         0 elements
Info    : 0.10 < quality < 0.20 :         0 elements
Info    : 0.20 < quality < 0.30 :         0 elements
Info    : 0.30 < quality < 0.40 :         7 elements
Info    : 0.40 < quality < 0.50 :        25 elements
Info    : 0.50 < quality < 0.60 :        22 elements
Info    : 0.60 < quality < 0.70 :        74 elements
Info    : 0.70 < quality < 0.80 :       170 elements
Info    : 0.80 < quality < 0.90 :       143 elements
Info    : 0.90 < quality < 1.00 :        41 elements
Info    : Done optimizing mesh (Wall 0.0617505s, CPU 0.06175s)
Info    : 13650 nodes 68508 elements
Info    : Meshing order 2 (curvilinear on)...
Info    : [  0%] Meshing curve 1 order 2
Info    : [ 10%] Meshing curve 2 order 2
Info    : [ 20%] Meshing curve 3 order 2
Info    : [ 20%] Meshing curve 4 order 2
Info    : [ 30%] Meshing curve 5 order 2
Info    : [ 30%] Meshing curve 6 order 2
Info    : [ 40%] Meshing curve 7 order 2
Info    : [ 40%] Meshing curve 8 order 2
Info    : [ 50%] Meshing curve 9 order 2
Info    : [ 50%] Meshing curve 10 order 2
Info    : [ 60%] Meshing curve 11 order 2
Info    : [ 60%] Meshing curve 12 order 2
Info    : [ 70%] Meshing surface 1 order 2
Info    : [ 70%] Meshing surface 2 order 2
Info    : [ 80%] Meshing surface 3 order 2
Info    : [ 80%] Meshing surface 4 order 2
Info    : [ 90%] Meshing surface 5 order 2
Info    : [ 90%] Meshing surface 6 order 2
Info    : [100%] Meshing volume 1 order 2
Info    : [100%] Meshing volume 2 order 2
Info    : Surface mesh: worst distortion = 0.797589 (0 elements in ]0, 0.2]); worst gamma = 0.638304
Info    : Volume mesh: worst distortion = 0.268213 (0 elements in ]0, 0.2])
Info    : Done meshing order 2 (Wall 12.3281s, CPU 12.3088s)
Info    : Writing '/home/user/mscr-mom/현서/scripts/contact_scenarios/fea/betagen_mesh_LM75_phiP150_d15_08.inp'...
Info    : Done writing '/home/user/mscr-mom/현서/scripts/contact_scenarios/fea/betagen_mesh_LM75_phiP150_d15_08.inp'
  [LM75_phiP150_d15] F_mag=0.0018mN  (155.0s)
[LM75_phiP150_d15 9/14] L_M=75.0, phi=150.0, beta=225.0, s=30.0mm, depth=0.15mm ...
Info    : Meshing 1D...
Info    : [  0%] Meshing curve 1 (BSpline)
Info    : [ 10%] Meshing curve 2 (Ellipse)
Info    : [ 20%] Meshing curve 3 (Ellipse)
Info    : [ 30%] Meshing curve 4 (BSpline)
Info    : [ 40%] Meshing curve 5 (BSpline)
Info    : [ 50%] Meshing curve 6 (BSpline)
Info    : [ 60%] Meshing curve 7 (BSpline)
Info    : [ 60%] Meshing curve 8 (BSpline)
Info    : [ 70%] Meshing curve 9 (BSpline)
Info    : [ 90%] Meshing curve 11 (Circle)
Info    : Done meshing 1D (Wall 0.0196244s, CPU 0.019623s)
Info    : Meshing 2D...
Info    : [  0%] Meshing surface 1 (Plane, Frontal-Delaunay)
Info    : [ 20%] Meshing surface 2 (Plane, Frontal-Delaunay)
Info    : [ 40%] Meshing surface 3 (BSpline surface, Frontal-Delaunay)
Info    : [ 60%] Meshing surface 4 (BSpline surface, Frontal-Delaunay)
Info    : [ 70%] Meshing surface 5 (Plane, Frontal-Delaunay)
Info    : [ 90%] Meshing surface 6 (Sphere, Frontal-Delaunay)
Info    : Done meshing 2D (Wall 0.814957s, CPU 0.814901s)
Info    : Meshing 3D...
Info    : 3D Meshing 2 volumes with 2 connected components
Info    : Tetrahedrizing 12487 nodes...
Info    : Done tetrahedrizing 12495 nodes (Wall 0.14367s, CPU 0.136669s)
Info    : Reconstructing mesh...
Info    :  - Creating surface mesh
Info    :  - Identifying boundary edges
Info    :  - Recovering boundary
Info    : Done reconstructing mesh (Wall 0.360489s, CPU 0.343461s)
Info    : Found volume 1
Info    : It. 0 - 0 nodes created - worst tet radius 1.03896 (nodes removed 0 0)
Info    : It. 500 - 500 nodes created - worst tet radius 1.00102 (nodes removed 0 0)
Info    : 3D refinement terminated (13252 nodes total):
Info    :  - 0 Delaunay cavities modified for star shapeness
Info    :  - 0 nodes could not be inserted
Info    :  - 42649 tetrahedra created in 0.0363726 sec. (1172557 tets/s)
Info    : 0 node relocations
Info    : Tetrahedrizing 131 nodes...
Info    : Done tetrahedrizing 139 nodes (Wall 0.000859583s, CPU 0.000861s)
Info    : Reconstructing mesh...
Info    :  - Creating surface mesh
Info    :  - Identifying boundary edges
Info    :  - Recovering boundary
Info    : Done reconstructing mesh (Wall 0.00260681s, CPU 0.002608s)
Info    : Found volume 2
Info    : It. 0 - 0 nodes created - worst tet radius 3.13238 (nodes removed 0 0)
Info    : 3D refinement terminated (12703 nodes total):
Info    :  - 0 Delaunay cavities modified for star shapeness
Info    :  - 0 nodes could not be inserted
Info    :  - 530 tetrahedra created in 0.00594209 sec. (89194 tets/s)
Info    : 0 node relocations
Info    : Done meshing 3D (Wall 0.699782s, CPU 0.682734s)
Info    : Optimizing mesh...
Info    : Optimizing volume 1
Info    : Optimization starts (volume = 235.603) with worst = 0.000883265 / average = 0.685716:
Info    : 0.00 < quality < 0.10 :       236 elements
Info    : 0.10 < quality < 0.20 :       356 elements
Info    : 0.20 < quality < 0.30 :       599 elements
Info    : 0.30 < quality < 0.40 :       826 elements
Info    : 0.40 < quality < 0.50 :      1156 elements
Info    : 0.50 < quality < 0.60 :      3846 elements
Info    : 0.60 < quality < 0.70 :     11926 elements
Info    : 0.70 < quality < 0.80 :     19556 elements
Info    : 0.80 < quality < 0.90 :      2203 elements
Info    : 0.90 < quality < 1.00 :      1945 elements
Info    : 1112 edge swaps, 21 node relocations (volume = 235.603): worst = 0.0291094 / average = 0.701141 (Wall 0.0146828s, CPU 0.014683s)
Info    : 1177 edge swaps, 23 node relocations (volume = 235.603): worst = 0.149958 / average = 0.701901 (Wall 0.0180452s, CPU 0.018046s)
Info    : 1178 edge swaps, 24 node relocations (volume = 235.603): worst = 0.149958 / average = 0.701897 (Wall 0.0205568s, CPU 0.020558s)
Info    : No ill-shaped tets in the mesh :-)
Info    : 0.00 < quality < 0.10 :         0 elements
Info    : 0.10 < quality < 0.20 :         2 elements
Info    : 0.20 < quality < 0.30 :         6 elements
Info    : 0.30 < quality < 0.40 :       642 elements
Info    : 0.40 < quality < 0.50 :      1014 elements
Info    : 0.50 < quality < 0.60 :      3964 elements
Info    : 0.60 < quality < 0.70 :     12258 elements
Info    : 0.70 < quality < 0.80 :     19364 elements
Info    : 0.80 < quality < 0.90 :      2368 elements
Info    : 0.90 < quality < 1.00 :      1955 elements
Info    : Optimizing volume 2
Info    : Optimization starts (volume = 0.256422) with worst = 0.122292 / average = 0.743468:
Info    : 0.00 < quality < 0.10 :         0 elements
Info    : 0.10 < quality < 0.20 :         7 elements
Info    : 0.20 < quality < 0.30 :         5 elements
Info    : 0.30 < quality < 0.40 :        11 elements
Info    : 0.40 < quality < 0.50 :        19 elements
Info    : 0.50 < quality < 0.60 :        29 elements
Info    : 0.60 < quality < 0.70 :        79 elements
Info    : 0.70 < quality < 0.80 :       163 elements
Info    : 0.80 < quality < 0.90 :       167 elements
Info    : 0.90 < quality < 1.00 :        50 elements
Info    : 12 edge swaps, 0 node relocations (volume = 0.256422): worst = 0.303237 / average = 0.755671 (Wall 0.000145532s, CPU 0.000147s)
Info    : No ill-shaped tets in the mesh :-)
Info    : 0.00 < quality < 0.10 :         0 elements
Info    : 0.10 < quality < 0.20 :         0 elements
Info    : 0.20 < quality < 0.30 :         0 elements
Info    : 0.30 < quality < 0.40 :        12 elements
Info    : 0.40 < quality < 0.50 :        19 elements
Info    : 0.50 < quality < 0.60 :        25 elements
Info    : 0.60 < quality < 0.70 :        85 elements
Info    : 0.70 < quality < 0.80 :       161 elements
Info    : 0.80 < quality < 0.90 :       168 elements
Info    : 0.90 < quality < 1.00 :        50 elements
Info    : Done optimizing mesh (Wall 0.0508405s, CPU 0.05084s)
Info    : 13656 nodes 68548 elements
Info    : Meshing order 2 (curvilinear on)...
Info    : [  0%] Meshing curve 1 order 2
Info    : [ 10%] Meshing curve 2 order 2
Info    : [ 20%] Meshing curve 3 order 2
Info    : [ 20%] Meshing curve 4 order 2
Info    : [ 30%] Meshing curve 5 order 2
Info    : [ 30%] Meshing curve 6 order 2
Info    : [ 40%] Meshing curve 7 order 2
Info    : [ 40%] Meshing curve 8 order 2
Info    : [ 50%] Meshing curve 9 order 2
Info    : [ 50%] Meshing curve 10 order 2
Info    : [ 60%] Meshing curve 11 order 2
Info    : [ 60%] Meshing curve 12 order 2
Info    : [ 70%] Meshing surface 1 order 2
Info    : [ 70%] Meshing surface 2 order 2
Info    : [ 80%] Meshing surface 3 order 2
Info    : [ 80%] Meshing surface 4 order 2
Info    : [ 90%] Meshing surface 5 order 2
Info    : [ 90%] Meshing surface 6 order 2
Info    : [100%] Meshing volume 1 order 2
Info    : [100%] Meshing volume 2 order 2
Info    : Surface mesh: worst distortion = 0.797589 (0 elements in ]0, 0.2]); worst gamma = 0.638304
Info    : Volume mesh: worst distortion = 0.268213 (0 elements in ]0, 0.2])
Info    : Done meshing order 2 (Wall 12.8056s, CPU 12.7843s)
Info    : Writing '/home/user/mscr-mom/현서/scripts/contact_scenarios/fea/betagen_mesh_LM75_phiP150_d15_09.inp'...
Info    : Done writing '/home/user/mscr-mom/현서/scripts/contact_scenarios/fea/betagen_mesh_LM75_phiP150_d15_09.inp'
  [LM75_phiP150_d15] F_mag=0.0139mN  (162.5s)
[LM75_phiP150_d15 10/14] L_M=75.0, phi=150.0, beta=225.0, s=60.0mm, depth=0.15mm ...
Info    : Meshing 1D...
Info    : [  0%] Meshing curve 1 (BSpline)
Info    : [ 10%] Meshing curve 2 (Ellipse)
Info    : [ 20%] Meshing curve 3 (Ellipse)
Info    : [ 30%] Meshing curve 4 (BSpline)
Info    : [ 40%] Meshing curve 5 (BSpline)
Info    : [ 50%] Meshing curve 6 (BSpline)
Info    : [ 60%] Meshing curve 7 (BSpline)
Info    : [ 60%] Meshing curve 8 (BSpline)
Info    : [ 70%] Meshing curve 9 (BSpline)
Info    : [ 90%] Meshing curve 11 (Circle)
Info    : Done meshing 1D (Wall 0.0245166s, CPU 0.02433s)
Info    : Meshing 2D...
Info    : [  0%] Meshing surface 1 (Plane, Frontal-Delaunay)
Info    : [ 20%] Meshing surface 2 (Plane, Frontal-Delaunay)
Info    : [ 40%] Meshing surface 3 (BSpline surface, Frontal-Delaunay)
Info    : [ 60%] Meshing surface 4 (BSpline surface, Frontal-Delaunay)
Info    : [ 70%] Meshing surface 5 (Plane, Frontal-Delaunay)
Info    : [ 90%] Meshing surface 6 (Sphere, Frontal-Delaunay)
Info    : Done meshing 2D (Wall 0.782692s, CPU 0.781814s)
Info    : Meshing 3D...
Info    : 3D Meshing 2 volumes with 2 connected components
Info    : Tetrahedrizing 12487 nodes...
Info    : Done tetrahedrizing 12495 nodes (Wall 0.147323s, CPU 0.143328s)
Info    : Reconstructing mesh...
Info    :  - Creating surface mesh
Info    :  - Identifying boundary edges
Info    :  - Recovering boundary
Info    : Done reconstructing mesh (Wall 0.381242s, CPU 0.368236s)
Info    : Found volume 1
Info    : It. 0 - 0 nodes created - worst tet radius 1.03896 (nodes removed 0 0)
Info    : It. 500 - 500 nodes created - worst tet radius 1.00102 (nodes removed 0 0)
Info    : 3D refinement terminated (13252 nodes total):
Info    :  - 0 Delaunay cavities modified for star shapeness
Info    :  - 0 nodes could not be inserted
Info    :  - 42649 tetrahedra created in 0.0389397 sec. (1095257 tets/s)
Info    : 0 node relocations
Info    : Tetrahedrizing 131 nodes...
Info    : Done tetrahedrizing 139 nodes (Wall 0.000776678s, CPU 0.000776s)
Info    : Reconstructing mesh...
Info    :  - Creating surface mesh
Info    :  - Identifying boundary edges
Info    :  - Recovering boundary
Info    : Done reconstructing mesh (Wall 0.00180234s, CPU 0.001805s)
Info    : Found volume 2
Info    : It. 0 - 0 nodes created - worst tet radius 3.13495 (nodes removed 0 0)
Info    : 3D refinement terminated (12699 nodes total):
Info    :  - 0 Delaunay cavities modified for star shapeness
Info    :  - 0 nodes could not be inserted
Info    :  - 505 tetrahedra created in 0.00368157 sec. (137169 tets/s)
Info    : 0 node relocations
Info    : Done meshing 3D (Wall 0.740652s, CPU 0.727629s)
Info    : Optimizing mesh...
Info    : Optimizing volume 1
Info    : Optimization starts (volume = 235.603) with worst = 0.000883265 / average = 0.685716:
Info    : 0.00 < quality < 0.10 :       236 elements
Info    : 0.10 < quality < 0.20 :       356 elements
Info    : 0.20 < quality < 0.30 :       599 elements
Info    : 0.30 < quality < 0.40 :       826 elements
Info    : 0.40 < quality < 0.50 :      1156 elements
Info    : 0.50 < quality < 0.60 :      3846 elements
Info    : 0.60 < quality < 0.70 :     11926 elements
Info    : 0.70 < quality < 0.80 :     19556 elements
Info    : 0.80 < quality < 0.90 :      2203 elements
Info    : 0.90 < quality < 1.00 :      1945 elements
Info    : 1112 edge swaps, 21 node relocations (volume = 235.603): worst = 0.0291094 / average = 0.701141 (Wall 0.016466s, CPU 0.016465s)
Info    : 1177 edge swaps, 23 node relocations (volume = 235.603): worst = 0.149958 / average = 0.701901 (Wall 0.0206578s, CPU 0.020658s)
Info    : 1178 edge swaps, 24 node relocations (volume = 235.603): worst = 0.149958 / average = 0.701897 (Wall 0.0240872s, CPU 0.024087s)
Info    : No ill-shaped tets in the mesh :-)
Info    : 0.00 < quality < 0.10 :         0 elements
Info    : 0.10 < quality < 0.20 :         2 elements
Info    : 0.20 < quality < 0.30 :         6 elements
Info    : 0.30 < quality < 0.40 :       642 elements
Info    : 0.40 < quality < 0.50 :      1014 elements
Info    : 0.50 < quality < 0.60 :      3964 elements
Info    : 0.60 < quality < 0.70 :     12258 elements
Info    : 0.70 < quality < 0.80 :     19364 elements
Info    : 0.80 < quality < 0.90 :      2368 elements
Info    : 0.90 < quality < 1.00 :      1955 elements
Info    : Optimizing volume 2
Info    : Optimization starts (volume = 0.25645) with worst = 0.0401763 / average = 0.729053:
Info    : 0.00 < quality < 0.10 :         2 elements
Info    : 0.10 < quality < 0.20 :         5 elements
Info    : 0.20 < quality < 0.30 :         4 elements
Info    : 0.30 < quality < 0.40 :        16 elements
Info    : 0.40 < quality < 0.50 :        22 elements
Info    : 0.50 < quality < 0.60 :        29 elements
Info    : 0.60 < quality < 0.70 :        68 elements
Info    : 0.70 < quality < 0.80 :       187 elements
Info    : 0.80 < quality < 0.90 :       128 elements
Info    : 0.90 < quality < 1.00 :        44 elements
Info    : 11 edge swaps, 0 node relocations (volume = 0.25645): worst = 0.306492 / average = 0.744401 (Wall 0.000145122s, CPU 0.000149s)
Info    : No ill-shaped tets in the mesh :-)
Info    : 0.00 < quality < 0.10 :         0 elements
Info    : 0.10 < quality < 0.20 :         0 elements
Info    : 0.20 < quality < 0.30 :         0 elements
Info    : 0.30 < quality < 0.40 :        16 elements
Info    : 0.40 < quality < 0.50 :        19 elements
Info    : 0.50 < quality < 0.60 :        26 elements
Info    : 0.60 < quality < 0.70 :        70 elements
Info    : 0.70 < quality < 0.80 :       188 elements
Info    : 0.80 < quality < 0.90 :       131 elements
Info    : 0.90 < quality < 1.00 :        44 elements
Info    : Done optimizing mesh (Wall 0.051904s, CPU 0.051899s)
Info    : 13652 nodes 68522 elements
Info    : Meshing order 2 (curvilinear on)...
Info    : [  0%] Meshing curve 1 order 2
Info    : [ 10%] Meshing curve 2 order 2
Info    : [ 20%] Meshing curve 3 order 2
Info    : [ 20%] Meshing curve 4 order 2
Info    : [ 30%] Meshing curve 5 order 2
Info    : [ 30%] Meshing curve 6 order 2
Info    : [ 40%] Meshing curve 7 order 2
Info    : [ 40%] Meshing curve 8 order 2
Info    : [ 50%] Meshing curve 9 order 2
Info    : [ 50%] Meshing curve 10 order 2
Info    : [ 60%] Meshing curve 11 order 2
Info    : [ 60%] Meshing curve 12 order 2
Info    : [ 70%] Meshing surface 1 order 2
Info    : [ 70%] Meshing surface 2 order 2
Info    : [ 80%] Meshing surface 3 order 2
Info    : [ 80%] Meshing surface 4 order 2
Info    : [ 90%] Meshing surface 5 order 2
Info    : [ 90%] Meshing surface 6 order 2
Info    : [100%] Meshing volume 1 order 2
Info    : [100%] Meshing volume 2 order 2
Info    : Surface mesh: worst distortion = 0.797589 (0 elements in ]0, 0.2]); worst gamma = 0.638304
Info    : Volume mesh: worst distortion = 0.268213 (0 elements in ]0, 0.2])
Info    : Done meshing order 2 (Wall 12.6629s, CPU 12.6595s)
Info    : Writing '/home/user/mscr-mom/현서/scripts/contact_scenarios/fea/betagen_mesh_LM75_phiP150_d15_10.inp'...
Info    : Done writing '/home/user/mscr-mom/현서/scripts/contact_scenarios/fea/betagen_mesh_LM75_phiP150_d15_10.inp'
  [LM75_phiP150_d15] [실패] (704.6s)
[LM75_phiP150_d15 11/14] L_M=75.0, phi=150.0, beta=270.0, s=30.0mm, depth=0.15mm ...
Info    : Meshing 1D...
Info    : [  0%] Meshing curve 1 (BSpline)
Info    : [ 10%] Meshing curve 2 (Ellipse)
Info    : [ 20%] Meshing curve 3 (Ellipse)
Info    : [ 30%] Meshing curve 4 (BSpline)
Info    : [ 40%] Meshing curve 5 (BSpline)
Info    : [ 50%] Meshing curve 6 (BSpline)
Info    : [ 60%] Meshing curve 7 (BSpline)
Info    : [ 60%] Meshing curve 8 (BSpline)
Info    : [ 70%] Meshing curve 9 (BSpline)
Info    : [ 90%] Meshing curve 11 (Circle)
Info    : Done meshing 1D (Wall 0.0224596s, CPU 0.022425s)
Info    : Meshing 2D...
Info    : [  0%] Meshing surface 1 (Plane, Frontal-Delaunay)
Info    : [ 20%] Meshing surface 2 (Plane, Frontal-Delaunay)
Info    : [ 40%] Meshing surface 3 (BSpline surface, Frontal-Delaunay)
Info    : [ 60%] Meshing surface 4 (BSpline surface, Frontal-Delaunay)
Info    : [ 70%] Meshing surface 5 (Plane, Frontal-Delaunay)
Info    : [ 90%] Meshing surface 6 (Sphere, Frontal-Delaunay)
Info    : Done meshing 2D (Wall 0.741187s, CPU 0.740765s)
Info    : Meshing 3D...
Info    : 3D Meshing 2 volumes with 2 connected components
Info    : Tetrahedrizing 12487 nodes...
Info    : Done tetrahedrizing 12495 nodes (Wall 0.1393s, CPU 0.134227s)
Info    : Reconstructing mesh...
Info    :  - Creating surface mesh
Info    :  - Identifying boundary edges
Info    :  - Recovering boundary
Info    : Done reconstructing mesh (Wall 0.374745s, CPU 0.359427s)
Info    : Found volume 1
Info    : It. 0 - 0 nodes created - worst tet radius 1.03896 (nodes removed 0 0)
Info    : It. 500 - 500 nodes created - worst tet radius 1.00102 (nodes removed 0 0)
Info    : 3D refinement terminated (13252 nodes total):
Info    :  - 0 Delaunay cavities modified for star shapeness
Info    :  - 0 nodes could not be inserted
Info    :  - 42649 tetrahedra created in 0.0370348 sec. (1151593 tets/s)
Info    : 0 node relocations
Info    : Tetrahedrizing 131 nodes...
Info    : Done tetrahedrizing 139 nodes (Wall 0.00077236s, CPU 0.000773s)
Info    : Reconstructing mesh...
Info    :  - Creating surface mesh
Info    :  - Identifying boundary edges
Info    :  - Recovering boundary
Info    : Done reconstructing mesh (Wall 0.00203682s, CPU 0.002038s)
Info    : Found volume 2
Info    : It. 0 - 0 nodes created - worst tet radius 3.13238 (nodes removed 0 0)
Info    : 3D refinement terminated (12703 nodes total):
Info    :  - 0 Delaunay cavities modified for star shapeness
Info    :  - 0 nodes could not be inserted
Info    :  - 530 tetrahedra created in 0.00752524 sec. (70429 tets/s)
Info    : 0 node relocations
Info    : Done meshing 3D (Wall 0.725851s, CPU 0.710521s)
Info    : Optimizing mesh...
Info    : Optimizing volume 1
Info    : Optimization starts (volume = 235.603) with worst = 0.000883265 / average = 0.685716:
Info    : 0.00 < quality < 0.10 :       236 elements
Info    : 0.10 < quality < 0.20 :       356 elements
Info    : 0.20 < quality < 0.30 :       599 elements
Info    : 0.30 < quality < 0.40 :       826 elements
Info    : 0.40 < quality < 0.50 :      1156 elements
Info    : 0.50 < quality < 0.60 :      3846 elements
Info    : 0.60 < quality < 0.70 :     11926 elements
Info    : 0.70 < quality < 0.80 :     19556 elements
Info    : 0.80 < quality < 0.90 :      2203 elements
Info    : 0.90 < quality < 1.00 :      1945 elements
Info    : 1112 edge swaps, 21 node relocations (volume = 235.603): worst = 0.0291094 / average = 0.701141 (Wall 0.0163943s, CPU 0.016395s)
Info    : 1177 edge swaps, 23 node relocations (volume = 235.603): worst = 0.149958 / average = 0.701901 (Wall 0.0203948s, CPU 0.020396s)
Info    : 1178 edge swaps, 24 node relocations (volume = 235.603): worst = 0.149958 / average = 0.701897 (Wall 0.0232831s, CPU 0.023284s)
Info    : No ill-shaped tets in the mesh :-)
Info    : 0.00 < quality < 0.10 :         0 elements
Info    : 0.10 < quality < 0.20 :         2 elements
Info    : 0.20 < quality < 0.30 :         6 elements
Info    : 0.30 < quality < 0.40 :       642 elements
Info    : 0.40 < quality < 0.50 :      1014 elements
Info    : 0.50 < quality < 0.60 :      3964 elements
Info    : 0.60 < quality < 0.70 :     12258 elements
Info    : 0.70 < quality < 0.80 :     19364 elements
Info    : 0.80 < quality < 0.90 :      2368 elements
Info    : 0.90 < quality < 1.00 :      1955 elements
Info    : Optimizing volume 2
Info    : Optimization starts (volume = 0.256422) with worst = 0.122292 / average = 0.743468:
Info    : 0.00 < quality < 0.10 :         0 elements
Info    : 0.10 < quality < 0.20 :         7 elements
Info    : 0.20 < quality < 0.30 :         5 elements
Info    : 0.30 < quality < 0.40 :        11 elements
Info    : 0.40 < quality < 0.50 :        19 elements
Info    : 0.50 < quality < 0.60 :        29 elements
Info    : 0.60 < quality < 0.70 :        79 elements
Info    : 0.70 < quality < 0.80 :       163 elements
Info    : 0.80 < quality < 0.90 :       167 elements
Info    : 0.90 < quality < 1.00 :        50 elements
Info    : 12 edge swaps, 0 node relocations (volume = 0.256422): worst = 0.303237 / average = 0.755671 (Wall 0.000138481s, CPU 0.000141s)
Info    : No ill-shaped tets in the mesh :-)
Info    : 0.00 < quality < 0.10 :         0 elements
Info    : 0.10 < quality < 0.20 :         0 elements
Info    : 0.20 < quality < 0.30 :         0 elements
Info    : 0.30 < quality < 0.40 :        12 elements
Info    : 0.40 < quality < 0.50 :        19 elements
Info    : 0.50 < quality < 0.60 :        25 elements
Info    : 0.60 < quality < 0.70 :        85 elements
Info    : 0.70 < quality < 0.80 :       161 elements
Info    : 0.80 < quality < 0.90 :       168 elements
Info    : 0.90 < quality < 1.00 :        50 elements
Info    : Done optimizing mesh (Wall 0.0581241s, CPU 0.058123s)
Info    : 13656 nodes 68548 elements
Info    : Meshing order 2 (curvilinear on)...
Info    : [  0%] Meshing curve 1 order 2
Info    : [ 10%] Meshing curve 2 order 2
Info    : [ 20%] Meshing curve 3 order 2
Info    : [ 20%] Meshing curve 4 order 2
Info    : [ 30%] Meshing curve 5 order 2
Info    : [ 30%] Meshing curve 6 order 2
Info    : [ 40%] Meshing curve 7 order 2
Info    : [ 40%] Meshing curve 8 order 2
Info    : [ 50%] Meshing curve 9 order 2
Info    : [ 50%] Meshing curve 10 order 2
Info    : [ 60%] Meshing curve 11 order 2
Info    : [ 60%] Meshing curve 12 order 2
Info    : [ 70%] Meshing surface 1 order 2
Info    : [ 70%] Meshing surface 2 order 2
Info    : [ 80%] Meshing surface 3 order 2
Info    : [ 80%] Meshing surface 4 order 2
Info    : [ 90%] Meshing surface 5 order 2
Info    : [ 90%] Meshing surface 6 order 2
Info    : [100%] Meshing volume 1 order 2
Info    : [100%] Meshing volume 2 order 2
Info    : Surface mesh: worst distortion = 0.797589 (0 elements in ]0, 0.2]); worst gamma = 0.638304
Info    : Volume mesh: worst distortion = 0.268213 (0 elements in ]0, 0.2])
Info    : Done meshing order 2 (Wall 12.2915s, CPU 12.2694s)
Info    : Writing '/home/user/mscr-mom/현서/scripts/contact_scenarios/fea/betagen_mesh_LM75_phiP150_d15_11.inp'...
Info    : Done writing '/home/user/mscr-mom/현서/scripts/contact_scenarios/fea/betagen_mesh_LM75_phiP150_d15_11.inp'
  [LM75_phiP150_d15] F_mag=0.0146mN  (470.9s)
[LM75_phiP150_d15 12/14] L_M=75.0, phi=150.0, beta=270.0, s=60.0mm, depth=0.15mm ...
Info    : Meshing 1D...
Info    : [  0%] Meshing curve 1 (BSpline)
Info    : [ 10%] Meshing curve 2 (Ellipse)
Info    : [ 20%] Meshing curve 3 (Ellipse)
Info    : [ 30%] Meshing curve 4 (BSpline)
Info    : [ 40%] Meshing curve 5 (BSpline)
Info    : [ 50%] Meshing curve 6 (BSpline)
Info    : [ 60%] Meshing curve 7 (BSpline)
Info    : [ 60%] Meshing curve 8 (BSpline)
Info    : [ 70%] Meshing curve 9 (BSpline)
Info    : [ 90%] Meshing curve 11 (Circle)
Info    : Done meshing 1D (Wall 0.0189524s, CPU 0.018921s)
Info    : Meshing 2D...
Info    : [  0%] Meshing surface 1 (Plane, Frontal-Delaunay)
Info    : [ 20%] Meshing surface 2 (Plane, Frontal-Delaunay)
Info    : [ 40%] Meshing surface 3 (BSpline surface, Frontal-Delaunay)
Info    : [ 60%] Meshing surface 4 (BSpline surface, Frontal-Delaunay)
Info    : [ 70%] Meshing surface 5 (Plane, Frontal-Delaunay)
Info    : [ 90%] Meshing surface 6 (Sphere, Frontal-Delaunay)
Info    : Done meshing 2D (Wall 0.774713s, CPU 0.773645s)
Info    : Meshing 3D...
Info    : 3D Meshing 2 volumes with 2 connected components
Info    : Tetrahedrizing 12487 nodes...
Info    : Done tetrahedrizing 12495 nodes (Wall 0.138524s, CPU 0.137523s)
Info    : Reconstructing mesh...
Info    :  - Creating surface mesh
Info    :  - Identifying boundary edges
Info    :  - Recovering boundary
Info    : Done reconstructing mesh (Wall 0.351973s, CPU 0.340964s)
Info    : Found volume 1
Info    : It. 0 - 0 nodes created - worst tet radius 1.03896 (nodes removed 0 0)
Info    : It. 500 - 500 nodes created - worst tet radius 1.00102 (nodes removed 0 0)
Info    : 3D refinement terminated (13251 nodes total):
Info    :  - 0 Delaunay cavities modified for star shapeness
Info    :  - 0 nodes could not be inserted
Info    :  - 42649 tetrahedra created in 0.031306 sec. (1362326 tets/s)
Info    : 0 node relocations
Info    : Tetrahedrizing 130 nodes...
Info    : Done tetrahedrizing 138 nodes (Wall 0.000747963s, CPU 0.000748s)
Info    : Reconstructing mesh...
Info    :  - Creating surface mesh
Info    :  - Identifying boundary edges
Info    :  - Recovering boundary
Info    : Done reconstructing mesh (Wall 0.00179737s, CPU 0.001798s)
Info    : Found volume 2
Info    : It. 0 - 0 nodes created - worst tet radius 3.03887 (nodes removed 0 0)
Info    : 3D refinement terminated (12697 nodes total):
Info    :  - 0 Delaunay cavities modified for star shapeness
Info    :  - 0 nodes could not be inserted
Info    :  - 487 tetrahedra created in 0.00792114 sec. (61481 tets/s)
Info    : 0 node relocations
Info    : Done meshing 3D (Wall 0.664012s, CPU 0.652982s)
Info    : Optimizing mesh...
Info    : Optimizing volume 1
Info    : Optimization starts (volume = 235.603) with worst = 0.000883265 / average = 0.685716:
Info    : 0.00 < quality < 0.10 :       236 elements
Info    : 0.10 < quality < 0.20 :       356 elements
Info    : 0.20 < quality < 0.30 :       599 elements
Info    : 0.30 < quality < 0.40 :       826 elements
Info    : 0.40 < quality < 0.50 :      1156 elements
Info    : 0.50 < quality < 0.60 :      3846 elements
Info    : 0.60 < quality < 0.70 :     11926 elements
Info    : 0.70 < quality < 0.80 :     19556 elements
Info    : 0.80 < quality < 0.90 :      2203 elements
Info    : 0.90 < quality < 1.00 :      1945 elements
Info    : 1112 edge swaps, 21 node relocations (volume = 235.603): worst = 0.0291094 / average = 0.701141 (Wall 0.0156652s, CPU 0.015665s)
Info    : 1177 edge swaps, 23 node relocations (volume = 235.603): worst = 0.149958 / average = 0.701901 (Wall 0.0191293s, CPU 0.019129s)
Info    : 1178 edge swaps, 24 node relocations (volume = 235.603): worst = 0.149958 / average = 0.701897 (Wall 0.0213687s, CPU 0.021369s)
Info    : No ill-shaped tets in the mesh :-)
Info    : 0.00 < quality < 0.10 :         0 elements
Info    : 0.10 < quality < 0.20 :         2 elements
Info    : 0.20 < quality < 0.30 :         6 elements
Info    : 0.30 < quality < 0.40 :       642 elements
Info    : 0.40 < quality < 0.50 :      1014 elements
Info    : 0.50 < quality < 0.60 :      3964 elements
Info    : 0.60 < quality < 0.70 :     12258 elements
Info    : 0.70 < quality < 0.80 :     19364 elements
Info    : 0.80 < quality < 0.90 :      2368 elements
Info    : 0.90 < quality < 1.00 :      1955 elements
Info    : Optimizing volume 2
Info    : Optimization starts (volume = 0.256435) with worst = 0.191529 / average = 0.744184:
Info    : 0.00 < quality < 0.10 :         0 elements
Info    : 0.10 < quality < 0.20 :         1 elements
Info    : 0.20 < quality < 0.30 :         5 elements
Info    : 0.30 < quality < 0.40 :         7 elements
Info    : 0.40 < quality < 0.50 :        28 elements
Info    : 0.50 < quality < 0.60 :        21 elements
Info    : 0.60 < quality < 0.70 :        72 elements
Info    : 0.70 < quality < 0.80 :       168 elements
Info    : 0.80 < quality < 0.90 :       144 elements
Info    : 0.90 < quality < 1.00 :        41 elements
Info    : 6 edge swaps, 0 node relocations (volume = 0.256435): worst = 0.347362 / average = 0.751388 (Wall 0.000101525s, CPU 0.000103s)
Info    : No ill-shaped tets in the mesh :-)
Info    : 0.00 < quality < 0.10 :         0 elements
Info    : 0.10 < quality < 0.20 :         0 elements
Info    : 0.20 < quality < 0.30 :         0 elements
Info    : 0.30 < quality < 0.40 :         7 elements
Info    : 0.40 < quality < 0.50 :        25 elements
Info    : 0.50 < quality < 0.60 :        22 elements
Info    : 0.60 < quality < 0.70 :        74 elements
Info    : 0.70 < quality < 0.80 :       170 elements
Info    : 0.80 < quality < 0.90 :       143 elements
Info    : 0.90 < quality < 1.00 :        41 elements
Info    : Done optimizing mesh (Wall 0.0493411s, CPU 0.049338s)
Info    : 13650 nodes 68508 elements
Info    : Meshing order 2 (curvilinear on)...
Info    : [  0%] Meshing curve 1 order 2
Info    : [ 10%] Meshing curve 2 order 2
Info    : [ 20%] Meshing curve 3 order 2
Info    : [ 20%] Meshing curve 4 order 2
Info    : [ 30%] Meshing curve 5 order 2
Info    : [ 30%] Meshing curve 6 order 2
Info    : [ 40%] Meshing curve 7 order 2
Info    : [ 40%] Meshing curve 8 order 2
Info    : [ 50%] Meshing curve 9 order 2
Info    : [ 50%] Meshing curve 10 order 2
Info    : [ 60%] Meshing curve 11 order 2
Info    : [ 60%] Meshing curve 12 order 2
Info    : [ 70%] Meshing surface 1 order 2
Info    : [ 70%] Meshing surface 2 order 2
Info    : [ 80%] Meshing surface 3 order 2
Info    : [ 80%] Meshing surface 4 order 2
Info    : [ 90%] Meshing surface 5 order 2
Info    : [ 90%] Meshing surface 6 order 2
Info    : [100%] Meshing volume 1 order 2
Info    : [100%] Meshing volume 2 order 2
Info    : Surface mesh: worst distortion = 0.797589 (0 elements in ]0, 0.2]); worst gamma = 0.638304
Info    : Volume mesh: worst distortion = 0.268213 (0 elements in ]0, 0.2])
Info    : Done meshing order 2 (Wall 12.0492s, CPU 12.0435s)
Info    : Writing '/home/user/mscr-mom/현서/scripts/contact_scenarios/fea/betagen_mesh_LM75_phiP150_d15_12.inp'...
Info    : Done writing '/home/user/mscr-mom/현서/scripts/contact_scenarios/fea/betagen_mesh_LM75_phiP150_d15_12.inp'
  [LM75_phiP150_d15] [실패] (508.8s)
[LM75_phiP150_d15 13/14] L_M=75.0, phi=150.0, beta=315.0, s=30.0mm, depth=0.15mm ...
Info    : Meshing 1D...
Info    : [  0%] Meshing curve 1 (BSpline)
Info    : [ 10%] Meshing curve 2 (Ellipse)
Info    : [ 20%] Meshing curve 3 (Ellipse)
Info    : [ 30%] Meshing curve 4 (BSpline)
Info    : [ 40%] Meshing curve 5 (BSpline)
Info    : [ 50%] Meshing curve 6 (BSpline)
Info    : [ 60%] Meshing curve 7 (BSpline)
Info    : [ 60%] Meshing curve 8 (BSpline)
Info    : [ 70%] Meshing curve 9 (BSpline)
Info    : [ 90%] Meshing curve 11 (Circle)
Info    : Done meshing 1D (Wall 0.0195318s, CPU 0.019528s)
Info    : Meshing 2D...
Info    : [  0%] Meshing surface 1 (Plane, Frontal-Delaunay)
Info    : [ 20%] Meshing surface 2 (Plane, Frontal-Delaunay)
Info    : [ 40%] Meshing surface 3 (BSpline surface, Frontal-Delaunay)
Info    : [ 60%] Meshing surface 4 (BSpline surface, Frontal-Delaunay)
Info    : [ 70%] Meshing surface 5 (Plane, Frontal-Delaunay)
Info    : [ 90%] Meshing surface 6 (Sphere, Frontal-Delaunay)
Info    : Done meshing 2D (Wall 0.787566s, CPU 0.787467s)
Info    : Meshing 3D...
Info    : 3D Meshing 2 volumes with 2 connected components
Info    : Tetrahedrizing 12487 nodes...
Info    : Done tetrahedrizing 12495 nodes (Wall 0.150887s, CPU 0.145871s)
Info    : Reconstructing mesh...
Info    :  - Creating surface mesh
Info    :  - Identifying boundary edges
Info    :  - Recovering boundary
Info    : Done reconstructing mesh (Wall 0.346471s, CPU 0.330456s)
Info    : Found volume 1
Info    : It. 0 - 0 nodes created - worst tet radius 1.03896 (nodes removed 0 0)
Info    : It. 500 - 500 nodes created - worst tet radius 1.00102 (nodes removed 0 0)
Info    : 3D refinement terminated (13252 nodes total):
Info    :  - 0 Delaunay cavities modified for star shapeness
Info    :  - 0 nodes could not be inserted
Info    :  - 42649 tetrahedra created in 0.0269701 sec. (1581343 tets/s)
Info    : 0 node relocations
Info    : Tetrahedrizing 131 nodes...
Info    : Done tetrahedrizing 139 nodes (Wall 0.000749895s, CPU 0.00075s)
Info    : Reconstructing mesh...
Info    :  - Creating surface mesh
Info    :  - Identifying boundary edges
Info    :  - Recovering boundary
Info    : Done reconstructing mesh (Wall 0.00177784s, CPU 0.00178s)
Info    : Found volume 2
Info    : It. 0 - 0 nodes created - worst tet radius 3.13495 (nodes removed 0 0)
Info    : 3D refinement terminated (12699 nodes total):
Info    :  - 0 Delaunay cavities modified for star shapeness
Info    :  - 0 nodes could not be inserted
Info    :  - 505 tetrahedra created in 0.00247276 sec. (204225 tets/s)
Info    : 0 node relocations
Info    : Done meshing 3D (Wall 0.619796s, CPU 0.602709s)
Info    : Optimizing mesh...
Info    : Optimizing volume 1
Info    : Optimization starts (volume = 235.603) with worst = 0.000883265 / average = 0.685716:
Info    : 0.00 < quality < 0.10 :       236 elements
Info    : 0.10 < quality < 0.20 :       356 elements
Info    : 0.20 < quality < 0.30 :       599 elements
Info    : 0.30 < quality < 0.40 :       826 elements
Info    : 0.40 < quality < 0.50 :      1156 elements
Info    : 0.50 < quality < 0.60 :      3846 elements
Info    : 0.60 < quality < 0.70 :     11926 elements
Info    : 0.70 < quality < 0.80 :     19556 elements
Info    : 0.80 < quality < 0.90 :      2203 elements
Info    : 0.90 < quality < 1.00 :      1945 elements
Info    : 1112 edge swaps, 21 node relocations (volume = 235.603): worst = 0.0291094 / average = 0.701141 (Wall 0.0117667s, CPU 0.011766s)
Info    : 1177 edge swaps, 23 node relocations (volume = 235.603): worst = 0.149958 / average = 0.701901 (Wall 0.0143487s, CPU 0.01435s)
Info    : 1178 edge swaps, 24 node relocations (volume = 235.603): worst = 0.149958 / average = 0.701897 (Wall 0.016306s, CPU 0.016307s)
Info    : No ill-shaped tets in the mesh :-)
Info    : 0.00 < quality < 0.10 :         0 elements
Info    : 0.10 < quality < 0.20 :         2 elements
Info    : 0.20 < quality < 0.30 :         6 elements
Info    : 0.30 < quality < 0.40 :       642 elements
Info    : 0.40 < quality < 0.50 :      1014 elements
Info    : 0.50 < quality < 0.60 :      3964 elements
Info    : 0.60 < quality < 0.70 :     12258 elements
Info    : 0.70 < quality < 0.80 :     19364 elements
Info    : 0.80 < quality < 0.90 :      2368 elements
Info    : 0.90 < quality < 1.00 :      1955 elements
Info    : Optimizing volume 2
Info    : Optimization starts (volume = 0.25645) with worst = 0.0401763 / average = 0.729053:
Info    : 0.00 < quality < 0.10 :         2 elements
Info    : 0.10 < quality < 0.20 :         5 elements
Info    : 0.20 < quality < 0.30 :         4 elements
Info    : 0.30 < quality < 0.40 :        16 elements
Info    : 0.40 < quality < 0.50 :        22 elements
Info    : 0.50 < quality < 0.60 :        29 elements
Info    : 0.60 < quality < 0.70 :        68 elements
Info    : 0.70 < quality < 0.80 :       187 elements
Info    : 0.80 < quality < 0.90 :       128 elements
Info    : 0.90 < quality < 1.00 :        44 elements
Info    : 11 edge swaps, 0 node relocations (volume = 0.25645): worst = 0.306492 / average = 0.744401 (Wall 0.000110338s, CPU 0.000111s)
Info    : No ill-shaped tets in the mesh :-)
Info    : 0.00 < quality < 0.10 :         0 elements
Info    : 0.10 < quality < 0.20 :         0 elements
Info    : 0.20 < quality < 0.30 :         0 elements
Info    : 0.30 < quality < 0.40 :        16 elements
Info    : 0.40 < quality < 0.50 :        19 elements
Info    : 0.50 < quality < 0.60 :        26 elements
Info    : 0.60 < quality < 0.70 :        70 elements
Info    : 0.70 < quality < 0.80 :       188 elements
Info    : 0.80 < quality < 0.90 :       131 elements
Info    : 0.90 < quality < 1.00 :        44 elements
Info    : Done optimizing mesh (Wall 0.0386914s, CPU 0.038689s)
Info    : 13652 nodes 68522 elements
Info    : Meshing order 2 (curvilinear on)...
Info    : [  0%] Meshing curve 1 order 2
Info    : [ 10%] Meshing curve 2 order 2
Info    : [ 20%] Meshing curve 3 order 2
Info    : [ 20%] Meshing curve 4 order 2
Info    : [ 30%] Meshing curve 5 order 2
Info    : [ 30%] Meshing curve 6 order 2
Info    : [ 40%] Meshing curve 7 order 2
Info    : [ 40%] Meshing curve 8 order 2
Info    : [ 50%] Meshing curve 9 order 2
Info    : [ 50%] Meshing curve 10 order 2
Info    : [ 60%] Meshing curve 11 order 2
Info    : [ 60%] Meshing curve 12 order 2
Info    : [ 70%] Meshing surface 1 order 2
Info    : [ 70%] Meshing surface 2 order 2
Info    : [ 80%] Meshing surface 3 order 2
Info    : [ 80%] Meshing surface 4 order 2
Info    : [ 90%] Meshing surface 5 order 2
Info    : [ 90%] Meshing surface 6 order 2
Info    : [100%] Meshing volume 1 order 2
Info    : [100%] Meshing volume 2 order 2
Info    : Surface mesh: worst distortion = 0.797589 (0 elements in ]0, 0.2]); worst gamma = 0.638304
Info    : Volume mesh: worst distortion = 0.268213 (0 elements in ]0, 0.2])
Info    : Done meshing order 2 (Wall 12.3607s, CPU 12.3102s)
Info    : Writing '/home/user/mscr-mom/현서/scripts/contact_scenarios/fea/betagen_mesh_LM75_phiP150_d15_13.inp'...
Info    : Done writing '/home/user/mscr-mom/현서/scripts/contact_scenarios/fea/betagen_mesh_LM75_phiP150_d15_13.inp'
  [LM75_phiP150_d15] F_mag=0.0144mN  (442.6s)
[LM75_phiP150_d15 14/14] L_M=75.0, phi=150.0, beta=315.0, s=60.0mm, depth=0.15mm ...
Info    : Meshing 1D...
Info    : [  0%] Meshing curve 1 (BSpline)
Info    : [ 10%] Meshing curve 2 (Ellipse)
Info    : [ 20%] Meshing curve 3 (Ellipse)
Info    : [ 30%] Meshing curve 4 (BSpline)
Info    : [ 40%] Meshing curve 5 (BSpline)
Info    : [ 50%] Meshing curve 6 (BSpline)
Info    : [ 60%] Meshing curve 7 (BSpline)
Info    : [ 60%] Meshing curve 8 (BSpline)
Info    : [ 70%] Meshing curve 9 (BSpline)
Info    : [ 90%] Meshing curve 11 (Circle)
Info    : Done meshing 1D (Wall 0.0193977s, CPU 0.019353s)
Info    : Meshing 2D...
Info    : [  0%] Meshing surface 1 (Plane, Frontal-Delaunay)
Info    : [ 20%] Meshing surface 2 (Plane, Frontal-Delaunay)
Info    : [ 40%] Meshing surface 3 (BSpline surface, Frontal-Delaunay)
Info    : [ 60%] Meshing surface 4 (BSpline surface, Frontal-Delaunay)
Info    : [ 70%] Meshing surface 5 (Plane, Frontal-Delaunay)
Info    : [ 90%] Meshing surface 6 (Sphere, Frontal-Delaunay)
Info    : Done meshing 2D (Wall 0.789339s, CPU 0.788106s)
Info    : Meshing 3D...
Info    : 3D Meshing 2 volumes with 2 connected components
Info    : Tetrahedrizing 12487 nodes...
Info    : Done tetrahedrizing 12495 nodes (Wall 0.156949s, CPU 0.14695s)
Info    : Reconstructing mesh...
Info    :  - Creating surface mesh
Info    :  - Identifying boundary edges
Info    :  - Recovering boundary
Info    : Done reconstructing mesh (Wall 0.42419s, CPU 0.400018s)
Info    : Found volume 1
Info    : It. 0 - 0 nodes created - worst tet radius 1.03896 (nodes removed 0 0)
Info    : It. 500 - 500 nodes created - worst tet radius 1.00102 (nodes removed 0 0)
Info    : 3D refinement terminated (13251 nodes total):
Info    :  - 0 Delaunay cavities modified for star shapeness
Info    :  - 0 nodes could not be inserted
Info    :  - 42649 tetrahedra created in 0.047318 sec. (901328 tets/s)
Info    : 0 node relocations
Info    : Tetrahedrizing 130 nodes...
Info    : Done tetrahedrizing 138 nodes (Wall 0.000994672s, CPU 0.000995s)
Info    : Reconstructing mesh...
Info    :  - Creating surface mesh
Info    :  - Identifying boundary edges
Info    :  - Recovering boundary
Info    : Done reconstructing mesh (Wall 0.00222337s, CPU 0.002227s)
Info    : Found volume 2
Info    : It. 0 - 0 nodes created - worst tet radius 3.03887 (nodes removed 0 0)
Info    : 3D refinement terminated (12697 nodes total):
Info    :  - 0 Delaunay cavities modified for star shapeness
Info    :  - 0 nodes could not be inserted
Info    :  - 487 tetrahedra created in 0.00307361 sec. (158445 tets/s)
Info    : 0 node relocations
Info    : Done meshing 3D (Wall 0.811182s, CPU 0.786651s)
Info    : Optimizing mesh...
Info    : Optimizing volume 1
Info    : Optimization starts (volume = 235.603) with worst = 0.000883265 / average = 0.685716:
Info    : 0.00 < quality < 0.10 :       236 elements
Info    : 0.10 < quality < 0.20 :       356 elements
Info    : 0.20 < quality < 0.30 :       599 elements
Info    : 0.30 < quality < 0.40 :       826 elements
Info    : 0.40 < quality < 0.50 :      1156 elements
Info    : 0.50 < quality < 0.60 :      3846 elements
Info    : 0.60 < quality < 0.70 :     11926 elements
Info    : 0.70 < quality < 0.80 :     19556 elements
Info    : 0.80 < quality < 0.90 :      2203 elements
Info    : 0.90 < quality < 1.00 :      1945 elements
Info    : 1112 edge swaps, 21 node relocations (volume = 235.603): worst = 0.0291094 / average = 0.701141 (Wall 0.0144342s, CPU 0.014434s)
Info    : 1177 edge swaps, 23 node relocations (volume = 235.603): worst = 0.149958 / average = 0.701901 (Wall 0.0174294s, CPU 0.017431s)
Info    : 1178 edge swaps, 24 node relocations (volume = 235.603): worst = 0.149958 / average = 0.701897 (Wall 0.0194843s, CPU 0.019488s)
Info    : No ill-shaped tets in the mesh :-)
Info    : 0.00 < quality < 0.10 :         0 elements
Info    : 0.10 < quality < 0.20 :         2 elements
Info    : 0.20 < quality < 0.30 :         6 elements
Info    : 0.30 < quality < 0.40 :       642 elements
Info    : 0.40 < quality < 0.50 :      1014 elements
Info    : 0.50 < quality < 0.60 :      3964 elements
Info    : 0.60 < quality < 0.70 :     12258 elements
Info    : 0.70 < quality < 0.80 :     19364 elements
Info    : 0.80 < quality < 0.90 :      2368 elements
Info    : 0.90 < quality < 1.00 :      1955 elements
Info    : Optimizing volume 2
Info    : Optimization starts (volume = 0.256435) with worst = 0.191529 / average = 0.744184:
Info    : 0.00 < quality < 0.10 :         0 elements
Info    : 0.10 < quality < 0.20 :         1 elements
Info    : 0.20 < quality < 0.30 :         5 elements
Info    : 0.30 < quality < 0.40 :         7 elements
Info    : 0.40 < quality < 0.50 :        28 elements
Info    : 0.50 < quality < 0.60 :        21 elements
Info    : 0.60 < quality < 0.70 :        72 elements
Info    : 0.70 < quality < 0.80 :       168 elements
Info    : 0.80 < quality < 0.90 :       144 elements
Info    : 0.90 < quality < 1.00 :        41 elements
Info    : 6 edge swaps, 0 node relocations (volume = 0.256435): worst = 0.347362 / average = 0.751388 (Wall 0.000113282s, CPU 0.000114s)
Info    : No ill-shaped tets in the mesh :-)
Info    : 0.00 < quality < 0.10 :         0 elements
Info    : 0.10 < quality < 0.20 :         0 elements
Info    : 0.20 < quality < 0.30 :         0 elements
Info    : 0.30 < quality < 0.40 :         7 elements
Info    : 0.40 < quality < 0.50 :        25 elements
Info    : 0.50 < quality < 0.60 :        22 elements
Info    : 0.60 < quality < 0.70 :        74 elements
Info    : 0.70 < quality < 0.80 :       170 elements
Info    : 0.80 < quality < 0.90 :       143 elements
Info    : 0.90 < quality < 1.00 :        41 elements
Info    : Done optimizing mesh (Wall 0.0487446s, CPU 0.048732s)
Info    : 13650 nodes 68508 elements
Info    : Meshing order 2 (curvilinear on)...
Info    : [  0%] Meshing curve 1 order 2
Info    : [ 10%] Meshing curve 2 order 2
Info    : [ 20%] Meshing curve 3 order 2
Info    : [ 20%] Meshing curve 4 order 2
Info    : [ 30%] Meshing curve 5 order 2
Info    : [ 30%] Meshing curve 6 order 2
Info    : [ 40%] Meshing curve 7 order 2
Info    : [ 40%] Meshing curve 8 order 2
Info    : [ 50%] Meshing curve 9 order 2
Info    : [ 50%] Meshing curve 10 order 2
Info    : [ 60%] Meshing curve 11 order 2
Info    : [ 60%] Meshing curve 12 order 2
Info    : [ 70%] Meshing surface 1 order 2
Info    : [ 70%] Meshing surface 2 order 2
Info    : [ 80%] Meshing surface 3 order 2
Info    : [ 80%] Meshing surface 4 order 2
Info    : [ 90%] Meshing surface 5 order 2
Info    : [ 90%] Meshing surface 6 order 2
Info    : [100%] Meshing volume 1 order 2
Info    : [100%] Meshing volume 2 order 2
Info    : Surface mesh: worst distortion = 0.797589 (0 elements in ]0, 0.2]); worst gamma = 0.638304
Info    : Volume mesh: worst distortion = 0.268213 (0 elements in ]0, 0.2])
Info    : Done meshing order 2 (Wall 12.6315s, CPU 12.5956s)
Info    : Writing '/home/user/mscr-mom/현서/scripts/contact_scenarios/fea/betagen_mesh_LM75_phiP150_d15_14.inp'...
Info    : Done writing '/home/user/mscr-mom/현서/scripts/contact_scenarios/fea/betagen_mesh_LM75_phiP150_d15_14.inp'
  [LM75_phiP150_d15] [실패] (624.2s)
[LM75_phiP150_d15] 완료: 9/14 성공
