[LM75_phiP150_d5 1/14] L_M=75.0, phi=150.0, beta=45.0, s=30.0mm, depth=0.05mm ...
Info    : Meshing 1D...
Info    : [  0%] Meshing curve 1 (BSpline)
Info    : [ 10%] Meshing curve 2 (Ellipse)
Info    : [ 20%] Meshing curve 3 (Ellipse)
Info    : [ 30%] Meshing curve 4 (BSpline)
Info    : [ 40%] Meshing curve 5 (BSpline)
Info    : [ 50%] Meshing curve 6 (BSpline)
Info    : [ 60%] Meshing curve 7 (BSpline)
Info    : [ 60%] Meshing curve 8 (BSpline)
Info    : [ 70%] Meshing curve 9 (BSpline)
Info    : [ 90%] Meshing curve 11 (Circle)
Info    : Done meshing 1D (Wall 0.0192717s, CPU 0.019252s)
Info    : Meshing 2D...
Info    : [  0%] Meshing surface 1 (Plane, Frontal-Delaunay)
Info    : [ 20%] Meshing surface 2 (Plane, Frontal-Delaunay)
Info    : [ 40%] Meshing surface 3 (BSpline surface, Frontal-Delaunay)
Info    : [ 60%] Meshing surface 4 (BSpline surface, Frontal-Delaunay)
Info    : [ 70%] Meshing surface 5 (Plane, Frontal-Delaunay)
Info    : [ 90%] Meshing surface 6 (Sphere, Frontal-Delaunay)
Info    : Done meshing 2D (Wall 0.740451s, CPU 0.735461s)
Info    : Meshing 3D...
Info    : 3D Meshing 2 volumes with 2 connected components
Info    : Tetrahedrizing 12487 nodes...
Info    : Done tetrahedrizing 12495 nodes (Wall 0.14242s, CPU 0.133395s)
Info    : Reconstructing mesh...
Info    :  - Creating surface mesh
Info    :  - Identifying boundary edges
Info    :  - Recovering boundary
Info    : Done reconstructing mesh (Wall 0.399775s, CPU 0.364748s)
Info    : Found volume 1
Info    : It. 0 - 0 nodes created - worst tet radius 1.03896 (nodes removed 0 0)
Info    : It. 500 - 500 nodes created - worst tet radius 1.00102 (nodes removed 0 0)
Info    : 3D refinement terminated (13252 nodes total):
Info    :  - 0 Delaunay cavities modified for star shapeness
Info    :  - 0 nodes could not be inserted
Info    :  - 42649 tetrahedra created in 0.0377411 sec. (1130042 tets/s)
Info    : 0 node relocations
Info    : Tetrahedrizing 131 nodes...
Info    : Done tetrahedrizing 139 nodes (Wall 0.000761589s, CPU 0s)
Info    : Reconstructing mesh...
Info    :  - Creating surface mesh
Info    :  - Identifying boundary edges
Info    :  - Recovering boundary
Info    : Done reconstructing mesh (Wall 0.00196969s, CPU 0.001019s)
Info    : Found volume 2
Info    : It. 0 - 0 nodes created - worst tet radius 3.1274 (nodes removed 0 0)
Info    : 3D refinement terminated (12703 nodes total):
Info    :  - 0 Delaunay cavities modified for star shapeness
Info    :  - 0 nodes could not be inserted
Info    :  - 530 tetrahedra created in 0.00995287 sec. (53250 tets/s)
Info    : 0 node relocations
Info    : Done meshing 3D (Wall 0.734514s, CPU 0.697414s)
Info    : Optimizing mesh...
Info    : Optimizing volume 1
Info    : Optimization starts (volume = 235.603) with worst = 0.000883265 / average = 0.685716:
Info    : 0.00 < quality < 0.10 :       236 elements
Info    : 0.10 < quality < 0.20 :       356 elements
Info    : 0.20 < quality < 0.30 :       599 elements
Info    : 0.30 < quality < 0.40 :       826 elements
Info    : 0.40 < quality < 0.50 :      1156 elements
Info    : 0.50 < quality < 0.60 :      3846 elements
Info    : 0.60 < quality < 0.70 :     11926 elements
Info    : 0.70 < quality < 0.80 :     19556 elements
Info    : 0.80 < quality < 0.90 :      2203 elements
Info    : 0.90 < quality < 1.00 :      1945 elements
Info    : 1112 edge swaps, 21 node relocations (volume = 235.603): worst = 0.0291094 / average = 0.701141 (Wall 0.0142818s, CPU 0.013323s)
Info    : 1177 edge swaps, 23 node relocations (volume = 235.603): worst = 0.149958 / average = 0.701901 (Wall 0.0174042s, CPU 0.016442s)
Info    : 1178 edge swaps, 24 node relocations (volume = 235.603): worst = 0.149958 / average = 0.701897 (Wall 0.0197579s, CPU 0.018778s)
Info    : No ill-shaped tets in the mesh :-)
Info    : 0.00 < quality < 0.10 :         0 elements
Info    : 0.10 < quality < 0.20 :         2 elements
Info    : 0.20 < quality < 0.30 :         6 elements
Info    : 0.30 < quality < 0.40 :       642 elements
Info    : 0.40 < quality < 0.50 :      1014 elements
Info    : 0.50 < quality < 0.60 :      3964 elements
Info    : 0.60 < quality < 0.70 :     12258 elements
Info    : 0.70 < quality < 0.80 :     19364 elements
Info    : 0.80 < quality < 0.90 :      2368 elements
Info    : 0.90 < quality < 1.00 :      1955 elements
Info    : Optimizing volume 2
Info    : Optimization starts (volume = 0.256422) with worst = 0.122292 / average = 0.743468:
Info    : 0.00 < quality < 0.10 :         0 elements
Info    : 0.10 < quality < 0.20 :         7 elements
Info    : 0.20 < quality < 0.30 :         5 elements
Info    : 0.30 < quality < 0.40 :        11 elements
Info    : 0.40 < quality < 0.50 :        19 elements
Info    : 0.50 < quality < 0.60 :        29 elements
Info    : 0.60 < quality < 0.70 :        79 elements
Info    : 0.70 < quality < 0.80 :       163 elements
Info    : 0.80 < quality < 0.90 :       167 elements
Info    : 0.90 < quality < 1.00 :        50 elements
Info    : 12 edge swaps, 0 node relocations (volume = 0.256422): worst = 0.303237 / average = 0.755671 (Wall 0.000149157s, CPU 0.000146s)
Info    : No ill-shaped tets in the mesh :-)
Info    : 0.00 < quality < 0.10 :         0 elements
Info    : 0.10 < quality < 0.20 :         0 elements
Info    : 0.20 < quality < 0.30 :         0 elements
Info    : 0.30 < quality < 0.40 :        12 elements
Info    : 0.40 < quality < 0.50 :        19 elements
Info    : 0.50 < quality < 0.60 :        25 elements
Info    : 0.60 < quality < 0.70 :        85 elements
Info    : 0.70 < quality < 0.80 :       161 elements
Info    : 0.80 < quality < 0.90 :       168 elements
Info    : 0.90 < quality < 1.00 :        50 elements
Info    : Done optimizing mesh (Wall 0.0456237s, CPU 0.044622s)
Info    : 13656 nodes 68548 elements
Info    : Meshing order 2 (curvilinear on)...
Info    : [  0%] Meshing curve 1 order 2
Info    : [ 10%] Meshing curve 2 order 2
Info    : [ 20%] Meshing curve 3 order 2
Info    : [ 20%] Meshing curve 4 order 2
Info    : [ 30%] Meshing curve 5 order 2
Info    : [ 30%] Meshing curve 6 order 2
Info    : [ 40%] Meshing curve 7 order 2
Info    : [ 40%] Meshing curve 8 order 2
Info    : [ 50%] Meshing curve 9 order 2
Info    : [ 50%] Meshing curve 10 order 2
Info    : [ 60%] Meshing curve 11 order 2
Info    : [ 60%] Meshing curve 12 order 2
Info    : [ 70%] Meshing surface 1 order 2
Info    : [ 70%] Meshing surface 2 order 2
Info    : [ 80%] Meshing surface 3 order 2
Info    : [ 80%] Meshing surface 4 order 2
Info    : [ 90%] Meshing surface 5 order 2
Info    : [ 90%] Meshing surface 6 order 2
Info    : [100%] Meshing volume 1 order 2
Info    : [100%] Meshing volume 2 order 2
Info    : Surface mesh: worst distortion = 0.797589 (0 elements in ]0, 0.2]); worst gamma = 0.638304
Info    : Volume mesh: worst distortion = 0.268213 (0 elements in ]0, 0.2])
Info    : Done meshing order 2 (Wall 12.3334s, CPU 12.3147s)
Info    : Writing '/home/user/mscr-mom/현서/scripts/contact_scenarios/fea/betagen_mesh_LM75_phiP150_d5_01.inp'...
Info    : Done writing '/home/user/mscr-mom/현서/scripts/contact_scenarios/fea/betagen_mesh_LM75_phiP150_d5_01.inp'
  [LM75_phiP150_d5] F_mag=0.0031mN  (259.7s)
[LM75_phiP150_d5 2/14] L_M=75.0, phi=150.0, beta=45.0, s=60.0mm, depth=0.05mm ...
Info    : Meshing 1D...
Info    : [  0%] Meshing curve 1 (BSpline)
Info    : [ 10%] Meshing curve 2 (Ellipse)
Info    : [ 20%] Meshing curve 3 (Ellipse)
Info    : [ 30%] Meshing curve 4 (BSpline)
Info    : [ 40%] Meshing curve 5 (BSpline)
Info    : [ 50%] Meshing curve 6 (BSpline)
Info    : [ 60%] Meshing curve 7 (BSpline)
Info    : [ 60%] Meshing curve 8 (BSpline)
Info    : [ 70%] Meshing curve 9 (BSpline)
Info    : [ 90%] Meshing curve 11 (Circle)
Info    : Done meshing 1D (Wall 0.0194987s, CPU 0.019441s)
Info    : Meshing 2D...
Info    : [  0%] Meshing surface 1 (Plane, Frontal-Delaunay)
Info    : [ 20%] Meshing surface 2 (Plane, Frontal-Delaunay)
Info    : [ 40%] Meshing surface 3 (BSpline surface, Frontal-Delaunay)
Info    : [ 60%] Meshing surface 4 (BSpline surface, Frontal-Delaunay)
Info    : [ 70%] Meshing surface 5 (Plane, Frontal-Delaunay)
Info    : [ 90%] Meshing surface 6 (Sphere, Frontal-Delaunay)
Info    : Done meshing 2D (Wall 0.766142s, CPU 0.76582s)
Info    : Meshing 3D...
Info    : 3D Meshing 2 volumes with 2 connected components
Info    : Tetrahedrizing 12487 nodes...
Info    : Done tetrahedrizing 12495 nodes (Wall 0.141822s, CPU 0.132804s)
Info    : Reconstructing mesh...
Info    :  - Creating surface mesh
Info    :  - Identifying boundary edges
Info    :  - Recovering boundary
Info    : Done reconstructing mesh (Wall 0.364105s, CPU 0.343084s)
Info    : Found volume 1
Info    : It. 0 - 0 nodes created - worst tet radius 1.03896 (nodes removed 0 0)
Info    : It. 500 - 500 nodes created - worst tet radius 1.00102 (nodes removed 0 0)
Info    : 3D refinement terminated (13251 nodes total):
Info    :  - 0 Delaunay cavities modified for star shapeness
Info    :  - 0 nodes could not be inserted
Info    :  - 42649 tetrahedra created in 0.0288299 sec. (1479330 tets/s)
Info    : 0 node relocations
Info    : Tetrahedrizing 130 nodes...
Info    : Done tetrahedrizing 138 nodes (Wall 0.000757994s, CPU 0.000758s)
Info    : Reconstructing mesh...
Info    :  - Creating surface mesh
Info    :  - Identifying boundary edges
Info    :  - Recovering boundary
Info    : Done reconstructing mesh (Wall 0.00175656s, CPU 0.001757s)
Info    : Found volume 2
Info    : It. 0 - 0 nodes created - worst tet radius 3.03887 (nodes removed 0 0)
Info    : 3D refinement terminated (12697 nodes total):
Info    :  - 0 Delaunay cavities modified for star shapeness
Info    :  - 0 nodes could not be inserted
Info    :  - 487 tetrahedra created in 0.00260339 sec. (187063 tets/s)
Info    : 0 node relocations
Info    : Done meshing 3D (Wall 0.646282s, CPU 0.625183s)
Info    : Optimizing mesh...
Info    : Optimizing volume 1
Info    : Optimization starts (volume = 235.603) with worst = 0.000883265 / average = 0.685716:
Info    : 0.00 < quality < 0.10 :       236 elements
Info    : 0.10 < quality < 0.20 :       356 elements
Info    : 0.20 < quality < 0.30 :       599 elements
Info    : 0.30 < quality < 0.40 :       826 elements
Info    : 0.40 < quality < 0.50 :      1156 elements
Info    : 0.50 < quality < 0.60 :      3846 elements
Info    : 0.60 < quality < 0.70 :     11926 elements
Info    : 0.70 < quality < 0.80 :     19556 elements
Info    : 0.80 < quality < 0.90 :      2203 elements
Info    : 0.90 < quality < 1.00 :      1945 elements
Info    : 1112 edge swaps, 21 node relocations (volume = 235.603): worst = 0.0291094 / average = 0.701141 (Wall 0.0143638s, CPU 0.014362s)
Info    : 1177 edge swaps, 23 node relocations (volume = 235.603): worst = 0.149958 / average = 0.701901 (Wall 0.0199709s, CPU 0.019967s)
Info    : 1178 edge swaps, 24 node relocations (volume = 235.603): worst = 0.149958 / average = 0.701897 (Wall 0.0244011s, CPU 0.024398s)
Info    : No ill-shaped tets in the mesh :-)
Info    : 0.00 < quality < 0.10 :         0 elements
Info    : 0.10 < quality < 0.20 :         2 elements
Info    : 0.20 < quality < 0.30 :         6 elements
Info    : 0.30 < quality < 0.40 :       642 elements
Info    : 0.40 < quality < 0.50 :      1014 elements
Info    : 0.50 < quality < 0.60 :      3964 elements
Info    : 0.60 < quality < 0.70 :     12258 elements
Info    : 0.70 < quality < 0.80 :     19364 elements
Info    : 0.80 < quality < 0.90 :      2368 elements
Info    : 0.90 < quality < 1.00 :      1955 elements
Info    : Optimizing volume 2
Info    : Optimization starts (volume = 0.256435) with worst = 0.191529 / average = 0.744184:
Info    : 0.00 < quality < 0.10 :         0 elements
Info    : 0.10 < quality < 0.20 :         1 elements
Info    : 0.20 < quality < 0.30 :         5 elements
Info    : 0.30 < quality < 0.40 :         7 elements
Info    : 0.40 < quality < 0.50 :        28 elements
Info    : 0.50 < quality < 0.60 :        21 elements
Info    : 0.60 < quality < 0.70 :        72 elements
Info    : 0.70 < quality < 0.80 :       168 elements
Info    : 0.80 < quality < 0.90 :       144 elements
Info    : 0.90 < quality < 1.00 :        41 elements
Info    : 6 edge swaps, 0 node relocations (volume = 0.256435): worst = 0.347362 / average = 0.751388 (Wall 0.00014457s, CPU 0.000148s)
Info    : No ill-shaped tets in the mesh :-)
Info    : 0.00 < quality < 0.10 :         0 elements
Info    : 0.10 < quality < 0.20 :         0 elements
Info    : 0.20 < quality < 0.30 :         0 elements
Info    : 0.30 < quality < 0.40 :         7 elements
Info    : 0.40 < quality < 0.50 :        25 elements
Info    : 0.50 < quality < 0.60 :        22 elements
Info    : 0.60 < quality < 0.70 :        74 elements
Info    : 0.70 < quality < 0.80 :       170 elements
Info    : 0.80 < quality < 0.90 :       143 elements
Info    : 0.90 < quality < 1.00 :        41 elements
Info    : Done optimizing mesh (Wall 0.0514442s, CPU 0.051431s)
Info    : 13650 nodes 68508 elements
Info    : Meshing order 2 (curvilinear on)...
Info    : [  0%] Meshing curve 1 order 2
Info    : [ 10%] Meshing curve 2 order 2
Info    : [ 20%] Meshing curve 3 order 2
Info    : [ 20%] Meshing curve 4 order 2
Info    : [ 30%] Meshing curve 5 order 2
Info    : [ 30%] Meshing curve 6 order 2
Info    : [ 40%] Meshing curve 7 order 2
Info    : [ 40%] Meshing curve 8 order 2
Info    : [ 50%] Meshing curve 9 order 2
Info    : [ 50%] Meshing curve 10 order 2
Info    : [ 60%] Meshing curve 11 order 2
Info    : [ 60%] Meshing curve 12 order 2
Info    : [ 70%] Meshing surface 1 order 2
Info    : [ 70%] Meshing surface 2 order 2
Info    : [ 80%] Meshing surface 3 order 2
Info    : [ 80%] Meshing surface 4 order 2
Info    : [ 90%] Meshing surface 5 order 2
Info    : [ 90%] Meshing surface 6 order 2
Info    : [100%] Meshing volume 1 order 2
Info    : [100%] Meshing volume 2 order 2
Info    : Surface mesh: worst distortion = 0.797589 (0 elements in ]0, 0.2]); worst gamma = 0.638304
Info    : Volume mesh: worst distortion = 0.268213 (0 elements in ]0, 0.2])
Info    : Done meshing order 2 (Wall 12.9048s, CPU 12.8557s)
Info    : Writing '/home/user/mscr-mom/현서/scripts/contact_scenarios/fea/betagen_mesh_LM75_phiP150_d5_02.inp'...
Info    : Done writing '/home/user/mscr-mom/현서/scripts/contact_scenarios/fea/betagen_mesh_LM75_phiP150_d5_02.inp'
  [LM75_phiP150_d5] F_mag=0.0004mN  (164.3s)
[LM75_phiP150_d5 3/14] L_M=75.0, phi=150.0, beta=90.0, s=30.0mm, depth=0.05mm ...
Info    : Meshing 1D...
Info    : [  0%] Meshing curve 1 (BSpline)
Info    : [ 10%] Meshing curve 2 (Ellipse)
Info    : [ 20%] Meshing curve 3 (Ellipse)
Info    : [ 30%] Meshing curve 4 (BSpline)
Info    : [ 40%] Meshing curve 5 (BSpline)
Info    : [ 50%] Meshing curve 6 (BSpline)
Info    : [ 60%] Meshing curve 7 (BSpline)
Info    : [ 60%] Meshing curve 8 (BSpline)
Info    : [ 70%] Meshing curve 9 (BSpline)
Info    : [ 90%] Meshing curve 11 (Circle)
Info    : Done meshing 1D (Wall 0.0191234s, CPU 0.019007s)
Info    : Meshing 2D...
Info    : [  0%] Meshing surface 1 (Plane, Frontal-Delaunay)
Info    : [ 20%] Meshing surface 2 (Plane, Frontal-Delaunay)
Info    : [ 40%] Meshing surface 3 (BSpline surface, Frontal-Delaunay)
Info    : [ 60%] Meshing surface 4 (BSpline surface, Frontal-Delaunay)
Info    : [ 70%] Meshing surface 5 (Plane, Frontal-Delaunay)
Info    : [ 90%] Meshing surface 6 (Sphere, Frontal-Delaunay)
Info    : Done meshing 2D (Wall 0.78392s, CPU 0.78377s)
Info    : Meshing 3D...
Info    : 3D Meshing 2 volumes with 2 connected components
Info    : Tetrahedrizing 12487 nodes...
Info    : Done tetrahedrizing 12495 nodes (Wall 0.14194s, CPU 0.136943s)
Info    : Reconstructing mesh...
Info    :  - Creating surface mesh
Info    :  - Identifying boundary edges
Info    :  - Recovering boundary
Info    : Done reconstructing mesh (Wall 0.390097s, CPU 0.376097s)
Info    : Found volume 1
Info    : It. 0 - 0 nodes created - worst tet radius 1.03896 (nodes removed 0 0)
Info    : It. 500 - 500 nodes created - worst tet radius 1.00102 (nodes removed 0 0)
Info    : 3D refinement terminated (13251 nodes total):
Info    :  - 0 Delaunay cavities modified for star shapeness
Info    :  - 0 nodes could not be inserted
Info    :  - 42649 tetrahedra created in 0.0350911 sec. (1215379 tets/s)
Info    : 0 node relocations
Info    : Tetrahedrizing 130 nodes...
Info    : Done tetrahedrizing 138 nodes (Wall 0.00078812s, CPU 0.00079s)
Info    : Reconstructing mesh...
Info    :  - Creating surface mesh
Info    :  - Identifying boundary edges
Info    :  - Recovering boundary
Info    : Done reconstructing mesh (Wall 0.00191069s, CPU 0.00191s)
Info    : Found volume 2
Info    : It. 0 - 0 nodes created - worst tet radius 3.03887 (nodes removed 0 0)
Info    : 3D refinement terminated (12697 nodes total):
Info    :  - 0 Delaunay cavities modified for star shapeness
Info    :  - 0 nodes could not be inserted
Info    :  - 487 tetrahedra created in 0.00579906 sec. (83979 tets/s)
Info    : 0 node relocations
Info    : Done meshing 3D (Wall 0.738506s, CPU 0.723415s)
Info    : Optimizing mesh...
Info    : Optimizing volume 1
Info    : Optimization starts (volume = 235.603) with worst = 0.000883265 / average = 0.685716:
Info    : 0.00 < quality < 0.10 :       236 elements
Info    : 0.10 < quality < 0.20 :       356 elements
Info    : 0.20 < quality < 0.30 :       599 elements
Info    : 0.30 < quality < 0.40 :       826 elements
Info    : 0.40 < quality < 0.50 :      1156 elements
Info    : 0.50 < quality < 0.60 :      3846 elements
Info    : 0.60 < quality < 0.70 :     11926 elements
Info    : 0.70 < quality < 0.80 :     19556 elements
Info    : 0.80 < quality < 0.90 :      2203 elements
Info    : 0.90 < quality < 1.00 :      1945 elements
Info    : 1112 edge swaps, 21 node relocations (volume = 235.603): worst = 0.0291094 / average = 0.701141 (Wall 0.0144586s, CPU 0.014457s)
Info    : 1177 edge swaps, 23 node relocations (volume = 235.603): worst = 0.149958 / average = 0.701901 (Wall 0.0180104s, CPU 0.018009s)
Info    : 1178 edge swaps, 24 node relocations (volume = 235.603): worst = 0.149958 / average = 0.701897 (Wall 0.0207637s, CPU 0.020763s)
Info    : No ill-shaped tets in the mesh :-)
Info    : 0.00 < quality < 0.10 :         0 elements
Info    : 0.10 < quality < 0.20 :         2 elements
Info    : 0.20 < quality < 0.30 :         6 elements
Info    : 0.30 < quality < 0.40 :       642 elements
Info    : 0.40 < quality < 0.50 :      1014 elements
Info    : 0.50 < quality < 0.60 :      3964 elements
Info    : 0.60 < quality < 0.70 :     12258 elements
Info    : 0.70 < quality < 0.80 :     19364 elements
Info    : 0.80 < quality < 0.90 :      2368 elements
Info    : 0.90 < quality < 1.00 :      1955 elements
Info    : Optimizing volume 2
Info    : Optimization starts (volume = 0.256435) with worst = 0.191529 / average = 0.744184:
Info    : 0.00 < quality < 0.10 :         0 elements
Info    : 0.10 < quality < 0.20 :         1 elements
Info    : 0.20 < quality < 0.30 :         5 elements
Info    : 0.30 < quality < 0.40 :         7 elements
Info    : 0.40 < quality < 0.50 :        28 elements
Info    : 0.50 < quality < 0.60 :        21 elements
Info    : 0.60 < quality < 0.70 :        72 elements
Info    : 0.70 < quality < 0.80 :       168 elements
Info    : 0.80 < quality < 0.90 :       144 elements
Info    : 0.90 < quality < 1.00 :        41 elements
Info    : 6 edge swaps, 0 node relocations (volume = 0.256435): worst = 0.347362 / average = 0.751388 (Wall 0.000107924s, CPU 0.00011s)
Info    : No ill-shaped tets in the mesh :-)
Info    : 0.00 < quality < 0.10 :         0 elements
Info    : 0.10 < quality < 0.20 :         0 elements
Info    : 0.20 < quality < 0.30 :         0 elements
Info    : 0.30 < quality < 0.40 :         7 elements
Info    : 0.40 < quality < 0.50 :        25 elements
Info    : 0.50 < quality < 0.60 :        22 elements
Info    : 0.60 < quality < 0.70 :        74 elements
Info    : 0.70 < quality < 0.80 :       170 elements
Info    : 0.80 < quality < 0.90 :       143 elements
Info    : 0.90 < quality < 1.00 :        41 elements
Info    : Done optimizing mesh (Wall 0.0497097s, CPU 0.049707s)
Info    : 13650 nodes 68508 elements
Info    : Meshing order 2 (curvilinear on)...
Info    : [  0%] Meshing curve 1 order 2
Info    : [ 10%] Meshing curve 2 order 2
Info    : [ 20%] Meshing curve 3 order 2
Info    : [ 20%] Meshing curve 4 order 2
Info    : [ 30%] Meshing curve 5 order 2
Info    : [ 30%] Meshing curve 6 order 2
Info    : [ 40%] Meshing curve 7 order 2
Info    : [ 40%] Meshing curve 8 order 2
Info    : [ 50%] Meshing curve 9 order 2
Info    : [ 50%] Meshing curve 10 order 2
Info    : [ 60%] Meshing curve 11 order 2
Info    : [ 60%] Meshing curve 12 order 2
Info    : [ 70%] Meshing surface 1 order 2
Info    : [ 70%] Meshing surface 2 order 2
Info    : [ 80%] Meshing surface 3 order 2
Info    : [ 80%] Meshing surface 4 order 2
Info    : [ 90%] Meshing surface 5 order 2
Info    : [ 90%] Meshing surface 6 order 2
Info    : [100%] Meshing volume 1 order 2
Info    : [100%] Meshing volume 2 order 2
Info    : Surface mesh: worst distortion = 0.797589 (0 elements in ]0, 0.2]); worst gamma = 0.638304
Info    : Volume mesh: worst distortion = 0.268213 (0 elements in ]0, 0.2])
Info    : Done meshing order 2 (Wall 12.1764s, CPU 12.167s)
Info    : Writing '/home/user/mscr-mom/현서/scripts/contact_scenarios/fea/betagen_mesh_LM75_phiP150_d5_03.inp'...
Info    : Done writing '/home/user/mscr-mom/현서/scripts/contact_scenarios/fea/betagen_mesh_LM75_phiP150_d5_03.inp'
  [LM75_phiP150_d5] F_mag=0.0029mN  (443.4s)
[LM75_phiP150_d5 4/14] L_M=75.0, phi=150.0, beta=90.0, s=60.0mm, depth=0.05mm ...
Info    : Meshing 1D...
Info    : [  0%] Meshing curve 1 (BSpline)
Info    : [ 10%] Meshing curve 2 (Ellipse)
Info    : [ 20%] Meshing curve 3 (Ellipse)
Info    : [ 30%] Meshing curve 4 (BSpline)
Info    : [ 40%] Meshing curve 5 (BSpline)
Info    : [ 50%] Meshing curve 6 (BSpline)
Info    : [ 60%] Meshing curve 7 (BSpline)
Info    : [ 60%] Meshing curve 8 (BSpline)
Info    : [ 70%] Meshing curve 9 (BSpline)
Info    : [ 90%] Meshing curve 11 (Circle)
Info    : Done meshing 1D (Wall 0.0193538s, CPU 0.01905s)
Info    : Meshing 2D...
Info    : [  0%] Meshing surface 1 (Plane, Frontal-Delaunay)
Info    : [ 20%] Meshing surface 2 (Plane, Frontal-Delaunay)
Info    : [ 40%] Meshing surface 3 (BSpline surface, Frontal-Delaunay)
Info    : [ 60%] Meshing surface 4 (BSpline surface, Frontal-Delaunay)
Info    : [ 70%] Meshing surface 5 (Plane, Frontal-Delaunay)
Info    : [ 90%] Meshing surface 6 (Sphere, Frontal-Delaunay)
Info    : Done meshing 2D (Wall 0.763384s, CPU 0.761331s)
Info    : Meshing 3D...
Info    : 3D Meshing 2 volumes with 2 connected components
Info    : Tetrahedrizing 12487 nodes...
Info    : Done tetrahedrizing 12495 nodes (Wall 0.138606s, CPU 0.133608s)
Info    : Reconstructing mesh...
Info    :  - Creating surface mesh
Info    :  - Identifying boundary edges
Info    :  - Recovering boundary
Info    : Done reconstructing mesh (Wall 0.360286s, CPU 0.344039s)
Info    : Found volume 1
Info    : It. 0 - 0 nodes created - worst tet radius 1.03896 (nodes removed 0 0)
Info    : It. 500 - 500 nodes created - worst tet radius 1.00102 (nodes removed 0 0)
Info    : 3D refinement terminated (13251 nodes total):
Info    :  - 0 Delaunay cavities modified for star shapeness
Info    :  - 0 nodes could not be inserted
Info    :  - 42649 tetrahedra created in 0.0350074 sec. (1218285 tets/s)
Info    : 0 node relocations
Info    : Tetrahedrizing 130 nodes...
Info    : Done tetrahedrizing 138 nodes (Wall 0.000742971s, CPU 0.000743s)
Info    : Reconstructing mesh...
Info    :  - Creating surface mesh
Info    :  - Identifying boundary edges
Info    :  - Recovering boundary
Info    : Done reconstructing mesh (Wall 0.00178856s, CPU 0.001791s)
Info    : Found volume 2
Info    : It. 0 - 0 nodes created - worst tet radius 3.03887 (nodes removed 0 0)
Info    : 3D refinement terminated (12697 nodes total):
Info    :  - 0 Delaunay cavities modified for star shapeness
Info    :  - 0 nodes could not be inserted
Info    :  - 487 tetrahedra created in 0.00372303 sec. (130807 tets/s)
Info    : 0 node relocations
Info    : Done meshing 3D (Wall 0.688198s, CPU 0.671942s)
Info    : Optimizing mesh...
Info    : Optimizing volume 1
Info    : Optimization starts (volume = 235.603) with worst = 0.000883265 / average = 0.685716:
Info    : 0.00 < quality < 0.10 :       236 elements
Info    : 0.10 < quality < 0.20 :       356 elements
Info    : 0.20 < quality < 0.30 :       599 elements
Info    : 0.30 < quality < 0.40 :       826 elements
Info    : 0.40 < quality < 0.50 :      1156 elements
Info    : 0.50 < quality < 0.60 :      3846 elements
Info    : 0.60 < quality < 0.70 :     11926 elements
Info    : 0.70 < quality < 0.80 :     19556 elements
Info    : 0.80 < quality < 0.90 :      2203 elements
Info    : 0.90 < quality < 1.00 :      1945 elements
Info    : 1112 edge swaps, 21 node relocations (volume = 235.603): worst = 0.0291094 / average = 0.701141 (Wall 0.0152787s, CPU 0.015278s)
Info    : 1177 edge swaps, 23 node relocations (volume = 235.603): worst = 0.149958 / average = 0.701901 (Wall 0.018965s, CPU 0.018965s)
Info    : 1178 edge swaps, 24 node relocations (volume = 235.603): worst = 0.149958 / average = 0.701897 (Wall 0.0217501s, CPU 0.02175s)
Info    : No ill-shaped tets in the mesh :-)
Info    : 0.00 < quality < 0.10 :         0 elements
Info    : 0.10 < quality < 0.20 :         2 elements
Info    : 0.20 < quality < 0.30 :         6 elements
Info    : 0.30 < quality < 0.40 :       642 elements
Info    : 0.40 < quality < 0.50 :      1014 elements
Info    : 0.50 < quality < 0.60 :      3964 elements
Info    : 0.60 < quality < 0.70 :     12258 elements
Info    : 0.70 < quality < 0.80 :     19364 elements
Info    : 0.80 < quality < 0.90 :      2368 elements
Info    : 0.90 < quality < 1.00 :      1955 elements
Info    : Optimizing volume 2
Info    : Optimization starts (volume = 0.256435) with worst = 0.191529 / average = 0.744184:
Info    : 0.00 < quality < 0.10 :         0 elements
Info    : 0.10 < quality < 0.20 :         1 elements
Info    : 0.20 < quality < 0.30 :         5 elements
Info    : 0.30 < quality < 0.40 :         7 elements
Info    : 0.40 < quality < 0.50 :        28 elements
Info    : 0.50 < quality < 0.60 :        21 elements
Info    : 0.60 < quality < 0.70 :        72 elements
Info    : 0.70 < quality < 0.80 :       168 elements
Info    : 0.80 < quality < 0.90 :       144 elements
Info    : 0.90 < quality < 1.00 :        41 elements
Info    : 6 edge swaps, 0 node relocations (volume = 0.256435): worst = 0.347362 / average = 0.751388 (Wall 9.6356e-05s, CPU 9.8e-05s)
Info    : No ill-shaped tets in the mesh :-)
Info    : 0.00 < quality < 0.10 :         0 elements
Info    : 0.10 < quality < 0.20 :         0 elements
Info    : 0.20 < quality < 0.30 :         0 elements
Info    : 0.30 < quality < 0.40 :         7 elements
Info    : 0.40 < quality < 0.50 :        25 elements
Info    : 0.50 < quality < 0.60 :        22 elements
Info    : 0.60 < quality < 0.70 :        74 elements
Info    : 0.70 < quality < 0.80 :       170 elements
Info    : 0.80 < quality < 0.90 :       143 elements
Info    : 0.90 < quality < 1.00 :        41 elements
Info    : Done optimizing mesh (Wall 0.0486425s, CPU 0.048641s)
Info    : 13650 nodes 68508 elements
Info    : Meshing order 2 (curvilinear on)...
Info    : [  0%] Meshing curve 1 order 2
Info    : [ 10%] Meshing curve 2 order 2
Info    : [ 20%] Meshing curve 3 order 2
Info    : [ 20%] Meshing curve 4 order 2
Info    : [ 30%] Meshing curve 5 order 2
Info    : [ 30%] Meshing curve 6 order 2
Info    : [ 40%] Meshing curve 7 order 2
Info    : [ 40%] Meshing curve 8 order 2
Info    : [ 50%] Meshing curve 9 order 2
Info    : [ 50%] Meshing curve 10 order 2
Info    : [ 60%] Meshing curve 11 order 2
Info    : [ 60%] Meshing curve 12 order 2
Info    : [ 70%] Meshing surface 1 order 2
Info    : [ 70%] Meshing surface 2 order 2
Info    : [ 80%] Meshing surface 3 order 2
Info    : [ 80%] Meshing surface 4 order 2
Info    : [ 90%] Meshing surface 5 order 2
Info    : [ 90%] Meshing surface 6 order 2
Info    : [100%] Meshing volume 1 order 2
Info    : [100%] Meshing volume 2 order 2
Info    : Surface mesh: worst distortion = 0.797589 (0 elements in ]0, 0.2]); worst gamma = 0.638304
Info    : Volume mesh: worst distortion = 0.268213 (0 elements in ]0, 0.2])
Info    : Done meshing order 2 (Wall 12.3698s, CPU 12.328s)
Info    : Writing '/home/user/mscr-mom/현서/scripts/contact_scenarios/fea/betagen_mesh_LM75_phiP150_d5_04.inp'...
Info    : Done writing '/home/user/mscr-mom/현서/scripts/contact_scenarios/fea/betagen_mesh_LM75_phiP150_d5_04.inp'
  [LM75_phiP150_d5] [실패] (970.3s)
[LM75_phiP150_d5 5/14] L_M=75.0, phi=150.0, beta=135.0, s=30.0mm, depth=0.05mm ...
Info    : Meshing 1D...
Info    : [  0%] Meshing curve 1 (BSpline)
Info    : [ 10%] Meshing curve 2 (Ellipse)
Info    : [ 20%] Meshing curve 3 (Ellipse)
Info    : [ 30%] Meshing curve 4 (BSpline)
Info    : [ 40%] Meshing curve 5 (BSpline)
Info    : [ 50%] Meshing curve 6 (BSpline)
Info    : [ 60%] Meshing curve 7 (BSpline)
Info    : [ 60%] Meshing curve 8 (BSpline)
Info    : [ 70%] Meshing curve 9 (BSpline)
Info    : [ 90%] Meshing curve 11 (Circle)
Info    : Done meshing 1D (Wall 0.0190486s, CPU 0.019048s)
Info    : Meshing 2D...
Info    : [  0%] Meshing surface 1 (Plane, Frontal-Delaunay)
Info    : [ 20%] Meshing surface 2 (Plane, Frontal-Delaunay)
Info    : [ 40%] Meshing surface 3 (BSpline surface, Frontal-Delaunay)
Info    : [ 60%] Meshing surface 4 (BSpline surface, Frontal-Delaunay)
Info    : [ 70%] Meshing surface 5 (Plane, Frontal-Delaunay)
Info    : [ 90%] Meshing surface 6 (Sphere, Frontal-Delaunay)
Info    : Done meshing 2D (Wall 0.741478s, CPU 0.741181s)
Info    : Meshing 3D...
Info    : 3D Meshing 2 volumes with 2 connected components
Info    : Tetrahedrizing 12487 nodes...
Info    : Done tetrahedrizing 12495 nodes (Wall 0.1415s, CPU 0.137485s)
Info    : Reconstructing mesh...
Info    :  - Creating surface mesh
Info    :  - Identifying boundary edges
Info    :  - Recovering boundary
Info    : Done reconstructing mesh (Wall 0.356282s, CPU 0.34227s)
Info    : Found volume 1
Info    : It. 0 - 0 nodes created - worst tet radius 1.03896 (nodes removed 0 0)
Info    : It. 500 - 500 nodes created - worst tet radius 1.00102 (nodes removed 0 0)
Info    : 3D refinement terminated (13252 nodes total):
Info    :  - 0 Delaunay cavities modified for star shapeness
Info    :  - 0 nodes could not be inserted
Info    :  - 42649 tetrahedra created in 0.0243485 sec. (1751606 tets/s)
Info    : 0 node relocations
Info    : Tetrahedrizing 131 nodes...
Info    : Done tetrahedrizing 139 nodes (Wall 0.000756048s, CPU 0s)
Info    : Reconstructing mesh...
Info    :  - Creating surface mesh
Info    :  - Identifying boundary edges
Info    :  - Recovering boundary
Info    : Done reconstructing mesh (Wall 0.00171288s, CPU 0.000718s)
Info    : Found volume 2
Info    : It. 0 - 0 nodes created - worst tet radius 3.13238 (nodes removed 0 0)
Info    : 3D refinement terminated (12703 nodes total):
Info    :  - 0 Delaunay cavities modified for star shapeness
Info    :  - 0 nodes could not be inserted
Info    :  - 530 tetrahedra created in 0.00240031 sec. (220805 tets/s)
Info    : 0 node relocations
Info    : Done meshing 3D (Wall 0.615437s, CPU 0.600332s)
Info    : Optimizing mesh...
Info    : Optimizing volume 1
Info    : Optimization starts (volume = 235.603) with worst = 0.000883265 / average = 0.685716:
Info    : 0.00 < quality < 0.10 :       236 elements
Info    : 0.10 < quality < 0.20 :       356 elements
Info    : 0.20 < quality < 0.30 :       599 elements
Info    : 0.30 < quality < 0.40 :       826 elements
Info    : 0.40 < quality < 0.50 :      1156 elements
Info    : 0.50 < quality < 0.60 :      3846 elements
Info    : 0.60 < quality < 0.70 :     11926 elements
Info    : 0.70 < quality < 0.80 :     19556 elements
Info    : 0.80 < quality < 0.90 :      2203 elements
Info    : 0.90 < quality < 1.00 :      1945 elements
Info    : 1112 edge swaps, 21 node relocations (volume = 235.603): worst = 0.0291094 / average = 0.701141 (Wall 0.0119355s, CPU 0.011936s)
Info    : 1177 edge swaps, 23 node relocations (volume = 235.603): worst = 0.149958 / average = 0.701901 (Wall 0.0144647s, CPU 0.014466s)
Info    : 1178 edge swaps, 24 node relocations (volume = 235.603): worst = 0.149958 / average = 0.701897 (Wall 0.0163606s, CPU 0.016362s)
Info    : No ill-shaped tets in the mesh :-)
Info    : 0.00 < quality < 0.10 :         0 elements
Info    : 0.10 < quality < 0.20 :         2 elements
Info    : 0.20 < quality < 0.30 :         6 elements
Info    : 0.30 < quality < 0.40 :       642 elements
Info    : 0.40 < quality < 0.50 :      1014 elements
Info    : 0.50 < quality < 0.60 :      3964 elements
Info    : 0.60 < quality < 0.70 :     12258 elements
Info    : 0.70 < quality < 0.80 :     19364 elements
Info    : 0.80 < quality < 0.90 :      2368 elements
Info    : 0.90 < quality < 1.00 :      1955 elements
Info    : Optimizing volume 2
Info    : Optimization starts (volume = 0.256422) with worst = 0.122292 / average = 0.743468:
Info    : 0.00 < quality < 0.10 :         0 elements
Info    : 0.10 < quality < 0.20 :         7 elements
Info    : 0.20 < quality < 0.30 :         5 elements
Info    : 0.30 < quality < 0.40 :        11 elements
Info    : 0.40 < quality < 0.50 :        19 elements
Info    : 0.50 < quality < 0.60 :        29 elements
Info    : 0.60 < quality < 0.70 :        79 elements
Info    : 0.70 < quality < 0.80 :       163 elements
Info    : 0.80 < quality < 0.90 :       167 elements
Info    : 0.90 < quality < 1.00 :        50 elements
Info    : 12 edge swaps, 0 node relocations (volume = 0.256422): worst = 0.303237 / average = 0.755671 (Wall 0.000136411s, CPU 0.000137s)
Info    : No ill-shaped tets in the mesh :-)
Info    : 0.00 < quality < 0.10 :         0 elements
Info    : 0.10 < quality < 0.20 :         0 elements
Info    : 0.20 < quality < 0.30 :         0 elements
Info    : 0.30 < quality < 0.40 :        12 elements
Info    : 0.40 < quality < 0.50 :        19 elements
Info    : 0.50 < quality < 0.60 :        25 elements
Info    : 0.60 < quality < 0.70 :        85 elements
Info    : 0.70 < quality < 0.80 :       161 elements
Info    : 0.80 < quality < 0.90 :       168 elements
Info    : 0.90 < quality < 1.00 :        50 elements
Info    : Done optimizing mesh (Wall 0.0386262s, CPU 0.038624s)
Info    : 13656 nodes 68548 elements
Info    : Meshing order 2 (curvilinear on)...
Info    : [  0%] Meshing curve 1 order 2
Info    : [ 10%] Meshing curve 2 order 2
Info    : [ 20%] Meshing curve 3 order 2
Info    : [ 20%] Meshing curve 4 order 2
Info    : [ 30%] Meshing curve 5 order 2
Info    : [ 30%] Meshing curve 6 order 2
Info    : [ 40%] Meshing curve 7 order 2
Info    : [ 40%] Meshing curve 8 order 2
Info    : [ 50%] Meshing curve 9 order 2
Info    : [ 50%] Meshing curve 10 order 2
Info    : [ 60%] Meshing curve 11 order 2
Info    : [ 60%] Meshing curve 12 order 2
Info    : [ 70%] Meshing surface 1 order 2
Info    : [ 70%] Meshing surface 2 order 2
Info    : [ 80%] Meshing surface 3 order 2
Info    : [ 80%] Meshing surface 4 order 2
Info    : [ 90%] Meshing surface 5 order 2
Info    : [ 90%] Meshing surface 6 order 2
Info    : [100%] Meshing volume 1 order 2
Info    : [100%] Meshing volume 2 order 2
Info    : Surface mesh: worst distortion = 0.797589 (0 elements in ]0, 0.2]); worst gamma = 0.638304
Info    : Volume mesh: worst distortion = 0.268213 (0 elements in ]0, 0.2])
Info    : Done meshing order 2 (Wall 13.3117s, CPU 13.3066s)
Info    : Writing '/home/user/mscr-mom/현서/scripts/contact_scenarios/fea/betagen_mesh_LM75_phiP150_d5_05.inp'...
Info    : Done writing '/home/user/mscr-mom/현서/scripts/contact_scenarios/fea/betagen_mesh_LM75_phiP150_d5_05.inp'
  [LM75_phiP150_d5] F_mag=0.0029mN  (362.3s)
[LM75_phiP150_d5 6/14] L_M=75.0, phi=150.0, beta=135.0, s=60.0mm, depth=0.05mm ...
Info    : Meshing 1D...
Info    : [  0%] Meshing curve 1 (BSpline)
Info    : [ 10%] Meshing curve 2 (Ellipse)
Info    : [ 20%] Meshing curve 3 (Ellipse)
Info    : [ 30%] Meshing curve 4 (BSpline)
Info    : [ 40%] Meshing curve 5 (BSpline)
Info    : [ 50%] Meshing curve 6 (BSpline)
Info    : [ 60%] Meshing curve 7 (BSpline)
Info    : [ 60%] Meshing curve 8 (BSpline)
Info    : [ 70%] Meshing curve 9 (BSpline)
Info    : [ 90%] Meshing curve 11 (Circle)
Info    : Done meshing 1D (Wall 0.0192029s, CPU 0.019105s)
Info    : Meshing 2D...
Info    : [  0%] Meshing surface 1 (Plane, Frontal-Delaunay)
Info    : [ 20%] Meshing surface 2 (Plane, Frontal-Delaunay)
Info    : [ 40%] Meshing surface 3 (BSpline surface, Frontal-Delaunay)
Info    : [ 60%] Meshing surface 4 (BSpline surface, Frontal-Delaunay)
Info    : [ 70%] Meshing surface 5 (Plane, Frontal-Delaunay)
Info    : [ 90%] Meshing surface 6 (Sphere, Frontal-Delaunay)
Info    : Done meshing 2D (Wall 0.792783s, CPU 0.791702s)
Info    : Meshing 3D...
Info    : 3D Meshing 2 volumes with 2 connected components
Info    : Tetrahedrizing 12487 nodes...
Info    : Done tetrahedrizing 12495 nodes (Wall 0.140534s, CPU 0.13451s)
Info    : Reconstructing mesh...
Info    :  - Creating surface mesh
Info    :  - Identifying boundary edges
Info    :  - Recovering boundary
Info    : Done reconstructing mesh (Wall 0.377223s, CPU 0.361146s)
Info    : Found volume 1
Info    : It. 0 - 0 nodes created - worst tet radius 1.03896 (nodes removed 0 0)
Info    : It. 500 - 500 nodes created - worst tet radius 1.00102 (nodes removed 0 0)
Info    : 3D refinement terminated (13251 nodes total):
Info    :  - 0 Delaunay cavities modified for star shapeness
Info    :  - 0 nodes could not be inserted
Info    :  - 42649 tetrahedra created in 0.0269827 sec. (1580607 tets/s)
Info    : 0 node relocations
Info    : Tetrahedrizing 130 nodes...
Info    : Done tetrahedrizing 138 nodes (Wall 0.000754838s, CPU 0.000755s)
Info    : Reconstructing mesh...
Info    :  - Creating surface mesh
Info    :  - Identifying boundary edges
Info    :  - Recovering boundary
Info    : Done reconstructing mesh (Wall 0.00176162s, CPU 0.001765s)
Info    : Found volume 2
Info    : It. 0 - 0 nodes created - worst tet radius 3.03887 (nodes removed 0 0)
Info    : 3D refinement terminated (12697 nodes total):
Info    :  - 0 Delaunay cavities modified for star shapeness
Info    :  - 0 nodes could not be inserted
Info    :  - 487 tetrahedra created in 0.00456836 sec. (106602 tets/s)
Info    : 0 node relocations
Info    : Done meshing 3D (Wall 0.685781s, CPU 0.669611s)
Info    : Optimizing mesh...
Info    : Optimizing volume 1
Info    : Optimization starts (volume = 235.603) with worst = 0.000883265 / average = 0.685716:
Info    : 0.00 < quality < 0.10 :       236 elements
Info    : 0.10 < quality < 0.20 :       356 elements
Info    : 0.20 < quality < 0.30 :       599 elements
Info    : 0.30 < quality < 0.40 :       826 elements
Info    : 0.40 < quality < 0.50 :      1156 elements
Info    : 0.50 < quality < 0.60 :      3846 elements
Info    : 0.60 < quality < 0.70 :     11926 elements
Info    : 0.70 < quality < 0.80 :     19556 elements
Info    : 0.80 < quality < 0.90 :      2203 elements
Info    : 0.90 < quality < 1.00 :      1945 elements
Info    : 1112 edge swaps, 21 node relocations (volume = 235.603): worst = 0.0291094 / average = 0.701141 (Wall 0.0141957s, CPU 0.014195s)
Info    : 1177 edge swaps, 23 node relocations (volume = 235.603): worst = 0.149958 / average = 0.701901 (Wall 0.0179643s, CPU 0.017964s)
Info    : 1178 edge swaps, 24 node relocations (volume = 235.603): worst = 0.149958 / average = 0.701897 (Wall 0.0209387s, CPU 0.020938s)
Info    : No ill-shaped tets in the mesh :-)
Info    : 0.00 < quality < 0.10 :         0 elements
Info    : 0.10 < quality < 0.20 :         2 elements
Info    : 0.20 < quality < 0.30 :         6 elements
Info    : 0.30 < quality < 0.40 :       642 elements
Info    : 0.40 < quality < 0.50 :      1014 elements
Info    : 0.50 < quality < 0.60 :      3964 elements
Info    : 0.60 < quality < 0.70 :     12258 elements
Info    : 0.70 < quality < 0.80 :     19364 elements
Info    : 0.80 < quality < 0.90 :      2368 elements
Info    : 0.90 < quality < 1.00 :      1955 elements
Info    : Optimizing volume 2
Info    : Optimization starts (volume = 0.256435) with worst = 0.191529 / average = 0.744184:
Info    : 0.00 < quality < 0.10 :         0 elements
Info    : 0.10 < quality < 0.20 :         1 elements
Info    : 0.20 < quality < 0.30 :         5 elements
Info    : 0.30 < quality < 0.40 :         7 elements
Info    : 0.40 < quality < 0.50 :        28 elements
Info    : 0.50 < quality < 0.60 :        21 elements
Info    : 0.60 < quality < 0.70 :        72 elements
Info    : 0.70 < quality < 0.80 :       168 elements
Info    : 0.80 < quality < 0.90 :       144 elements
Info    : 0.90 < quality < 1.00 :        41 elements
Info    : 6 edge swaps, 0 node relocations (volume = 0.256435): worst = 0.347362 / average = 0.751388 (Wall 0.000111551s, CPU 0.000113s)
Info    : No ill-shaped tets in the mesh :-)
Info    : 0.00 < quality < 0.10 :         0 elements
Info    : 0.10 < quality < 0.20 :         0 elements
Info    : 0.20 < quality < 0.30 :         0 elements
Info    : 0.30 < quality < 0.40 :         7 elements
Info    : 0.40 < quality < 0.50 :        25 elements
Info    : 0.50 < quality < 0.60 :        22 elements
Info    : 0.60 < quality < 0.70 :        74 elements
Info    : 0.70 < quality < 0.80 :       170 elements
Info    : 0.80 < quality < 0.90 :       143 elements
Info    : 0.90 < quality < 1.00 :        41 elements
Info    : Done optimizing mesh (Wall 0.0469758s, CPU 0.046975s)
Info    : 13650 nodes 68508 elements
Info    : Meshing order 2 (curvilinear on)...
Info    : [  0%] Meshing curve 1 order 2
Info    : [ 10%] Meshing curve 2 order 2
Info    : [ 20%] Meshing curve 3 order 2
Info    : [ 20%] Meshing curve 4 order 2
Info    : [ 30%] Meshing curve 5 order 2
Info    : [ 30%] Meshing curve 6 order 2
Info    : [ 40%] Meshing curve 7 order 2
Info    : [ 40%] Meshing curve 8 order 2
Info    : [ 50%] Meshing curve 9 order 2
Info    : [ 50%] Meshing curve 10 order 2
Info    : [ 60%] Meshing curve 11 order 2
Info    : [ 60%] Meshing curve 12 order 2
Info    : [ 70%] Meshing surface 1 order 2
Info    : [ 70%] Meshing surface 2 order 2
Info    : [ 80%] Meshing surface 3 order 2
Info    : [ 80%] Meshing surface 4 order 2
Info    : [ 90%] Meshing surface 5 order 2
Info    : [ 90%] Meshing surface 6 order 2
Info    : [100%] Meshing volume 1 order 2
Info    : [100%] Meshing volume 2 order 2
Info    : Surface mesh: worst distortion = 0.797589 (0 elements in ]0, 0.2]); worst gamma = 0.638304
Info    : Volume mesh: worst distortion = 0.268213 (0 elements in ]0, 0.2])
Info    : Done meshing order 2 (Wall 12.5576s, CPU 12.5423s)
Info    : Writing '/home/user/mscr-mom/현서/scripts/contact_scenarios/fea/betagen_mesh_LM75_phiP150_d5_06.inp'...
Info    : Done writing '/home/user/mscr-mom/현서/scripts/contact_scenarios/fea/betagen_mesh_LM75_phiP150_d5_06.inp'
  [LM75_phiP150_d5] F_mag=0.0004mN  (155.7s)
[LM75_phiP150_d5 7/14] L_M=75.0, phi=150.0, beta=180.0, s=30.0mm, depth=0.05mm ...
Info    : Meshing 1D...
Info    : [  0%] Meshing curve 1 (BSpline)
Info    : [ 10%] Meshing curve 2 (Ellipse)
Info    : [ 20%] Meshing curve 3 (Ellipse)
Info    : [ 30%] Meshing curve 4 (BSpline)
Info    : [ 40%] Meshing curve 5 (BSpline)
Info    : [ 50%] Meshing curve 6 (BSpline)
Info    : [ 60%] Meshing curve 7 (BSpline)
Info    : [ 60%] Meshing curve 8 (BSpline)
Info    : [ 70%] Meshing curve 9 (BSpline)
Info    : [ 90%] Meshing curve 11 (Circle)
Info    : Done meshing 1D (Wall 0.0191108s, CPU 0.019099s)
Info    : Meshing 2D...
Info    : [  0%] Meshing surface 1 (Plane, Frontal-Delaunay)
Info    : [ 20%] Meshing surface 2 (Plane, Frontal-Delaunay)
Info    : [ 40%] Meshing surface 3 (BSpline surface, Frontal-Delaunay)
Info    : [ 60%] Meshing surface 4 (BSpline surface, Frontal-Delaunay)
Info    : [ 70%] Meshing surface 5 (Plane, Frontal-Delaunay)
Info    : [ 90%] Meshing surface 6 (Sphere, Frontal-Delaunay)
Info    : Done meshing 2D (Wall 0.790565s, CPU 0.790489s)
Info    : Meshing 3D...
Info    : 3D Meshing 2 volumes with 2 connected components
Info    : Tetrahedrizing 12487 nodes...
Info    : Done tetrahedrizing 12495 nodes (Wall 0.144831s, CPU 0.141828s)
Info    : Reconstructing mesh...
Info    :  - Creating surface mesh
Info    :  - Identifying boundary edges
Info    :  - Recovering boundary
Info    : Done reconstructing mesh (Wall 0.36323s, CPU 0.351226s)
Info    : Found volume 1
Info    : It. 0 - 0 nodes created - worst tet radius 1.03896 (nodes removed 0 0)
Info    : It. 500 - 500 nodes created - worst tet radius 1.00102 (nodes removed 0 0)
Info    : 3D refinement terminated (13252 nodes total):
Info    :  - 0 Delaunay cavities modified for star shapeness
Info    :  - 0 nodes could not be inserted
Info    :  - 42649 tetrahedra created in 0.0273606 sec. (1558772 tets/s)
Info    : 0 node relocations
Info    : Tetrahedrizing 131 nodes...
Info    : Done tetrahedrizing 139 nodes (Wall 0.000793025s, CPU 0.000794s)
Info    : Reconstructing mesh...
Info    :  - Creating surface mesh
Info    :  - Identifying boundary edges
Info    :  - Recovering boundary
Info    : Done reconstructing mesh (Wall 0.00185124s, CPU 0.001854s)
Info    : Found volume 2
Info    : It. 0 - 0 nodes created - worst tet radius 3.13238 (nodes removed 0 0)
Info    : 3D refinement terminated (12703 nodes total):
Info    :  - 0 Delaunay cavities modified for star shapeness
Info    :  - 0 nodes could not be inserted
Info    :  - 530 tetrahedra created in 0.00364093 sec. (145567 tets/s)
Info    : 0 node relocations
Info    : Done meshing 3D (Wall 0.663979s, CPU 0.646905s)
Info    : Optimizing mesh...
Info    : Optimizing volume 1
Info    : Optimization starts (volume = 235.603) with worst = 0.000883265 / average = 0.685716:
Info    : 0.00 < quality < 0.10 :       236 elements
Info    : 0.10 < quality < 0.20 :       356 elements
Info    : 0.20 < quality < 0.30 :       599 elements
Info    : 0.30 < quality < 0.40 :       826 elements
Info    : 0.40 < quality < 0.50 :      1156 elements
Info    : 0.50 < quality < 0.60 :      3846 elements
Info    : 0.60 < quality < 0.70 :     11926 elements
Info    : 0.70 < quality < 0.80 :     19556 elements
Info    : 0.80 < quality < 0.90 :      2203 elements
Info    : 0.90 < quality < 1.00 :      1945 elements
Info    : 1112 edge swaps, 21 node relocations (volume = 235.603): worst = 0.0291094 / average = 0.701141 (Wall 0.0160523s, CPU 0.016052s)
Info    : 1177 edge swaps, 23 node relocations (volume = 235.603): worst = 0.149958 / average = 0.701901 (Wall 0.0189205s, CPU 0.018922s)
Info    : 1178 edge swaps, 24 node relocations (volume = 235.603): worst = 0.149958 / average = 0.701897 (Wall 0.0212621s, CPU 0.021263s)
Info    : No ill-shaped tets in the mesh :-)
Info    : 0.00 < quality < 0.10 :         0 elements
Info    : 0.10 < quality < 0.20 :         2 elements
Info    : 0.20 < quality < 0.30 :         6 elements
Info    : 0.30 < quality < 0.40 :       642 elements
Info    : 0.40 < quality < 0.50 :      1014 elements
Info    : 0.50 < quality < 0.60 :      3964 elements
Info    : 0.60 < quality < 0.70 :     12258 elements
Info    : 0.70 < quality < 0.80 :     19364 elements
Info    : 0.80 < quality < 0.90 :      2368 elements
Info    : 0.90 < quality < 1.00 :      1955 elements
Info    : Optimizing volume 2
Info    : Optimization starts (volume = 0.256422) with worst = 0.122292 / average = 0.743468:
Info    : 0.00 < quality < 0.10 :         0 elements
Info    : 0.10 < quality < 0.20 :         7 elements
Info    : 0.20 < quality < 0.30 :         5 elements
Info    : 0.30 < quality < 0.40 :        11 elements
Info    : 0.40 < quality < 0.50 :        19 elements
Info    : 0.50 < quality < 0.60 :        29 elements
Info    : 0.60 < quality < 0.70 :        79 elements
Info    : 0.70 < quality < 0.80 :       163 elements
Info    : 0.80 < quality < 0.90 :       167 elements
Info    : 0.90 < quality < 1.00 :        50 elements
Info    : 12 edge swaps, 0 node relocations (volume = 0.256422): worst = 0.303237 / average = 0.755671 (Wall 0.000142308s, CPU 0.000144s)
Info    : No ill-shaped tets in the mesh :-)
Info    : 0.00 < quality < 0.10 :         0 elements
Info    : 0.10 < quality < 0.20 :         0 elements
Info    : 0.20 < quality < 0.30 :         0 elements
Info    : 0.30 < quality < 0.40 :        12 elements
Info    : 0.40 < quality < 0.50 :        19 elements
Info    : 0.50 < quality < 0.60 :        25 elements
Info    : 0.60 < quality < 0.70 :        85 elements
Info    : 0.70 < quality < 0.80 :       161 elements
Info    : 0.80 < quality < 0.90 :       168 elements
Info    : 0.90 < quality < 1.00 :        50 elements
Info    : Done optimizing mesh (Wall 0.047372s, CPU 0.047369s)
Info    : 13656 nodes 68548 elements
Info    : Meshing order 2 (curvilinear on)...
Info    : [  0%] Meshing curve 1 order 2
Info    : [ 10%] Meshing curve 2 order 2
Info    : [ 20%] Meshing curve 3 order 2
Info    : [ 20%] Meshing curve 4 order 2
Info    : [ 30%] Meshing curve 5 order 2
Info    : [ 30%] Meshing curve 6 order 2
Info    : [ 40%] Meshing curve 7 order 2
Info    : [ 40%] Meshing curve 8 order 2
Info    : [ 50%] Meshing curve 9 order 2
Info    : [ 50%] Meshing curve 10 order 2
Info    : [ 60%] Meshing curve 11 order 2
Info    : [ 60%] Meshing curve 12 order 2
Info    : [ 70%] Meshing surface 1 order 2
Info    : [ 70%] Meshing surface 2 order 2
Info    : [ 80%] Meshing surface 3 order 2
Info    : [ 80%] Meshing surface 4 order 2
Info    : [ 90%] Meshing surface 5 order 2
Info    : [ 90%] Meshing surface 6 order 2
Info    : [100%] Meshing volume 1 order 2
Info    : [100%] Meshing volume 2 order 2
Info    : Surface mesh: worst distortion = 0.797589 (0 elements in ]0, 0.2]); worst gamma = 0.638304
Info    : Volume mesh: worst distortion = 0.268213 (0 elements in ]0, 0.2])
Info    : Done meshing order 2 (Wall 13.583s, CPU 13.5473s)
Info    : Writing '/home/user/mscr-mom/현서/scripts/contact_scenarios/fea/betagen_mesh_LM75_phiP150_d5_07.inp'...
Info    : Done writing '/home/user/mscr-mom/현서/scripts/contact_scenarios/fea/betagen_mesh_LM75_phiP150_d5_07.inp'
  [LM75_phiP150_d5] F_mag=0.0035mN  (158.6s)
[LM75_phiP150_d5 8/14] L_M=75.0, phi=150.0, beta=180.0, s=60.0mm, depth=0.05mm ...
Info    : Meshing 1D...
Info    : [  0%] Meshing curve 1 (BSpline)
Info    : [ 10%] Meshing curve 2 (Ellipse)
Info    : [ 20%] Meshing curve 3 (Ellipse)
Info    : [ 30%] Meshing curve 4 (BSpline)
Info    : [ 40%] Meshing curve 5 (BSpline)
Info    : [ 50%] Meshing curve 6 (BSpline)
Info    : [ 60%] Meshing curve 7 (BSpline)
Info    : [ 60%] Meshing curve 8 (BSpline)
Info    : [ 70%] Meshing curve 9 (BSpline)
Info    : [ 90%] Meshing curve 11 (Circle)
Info    : Done meshing 1D (Wall 0.0194497s, CPU 0.019416s)
Info    : Meshing 2D...
Info    : [  0%] Meshing surface 1 (Plane, Frontal-Delaunay)
Info    : [ 20%] Meshing surface 2 (Plane, Frontal-Delaunay)
Info    : [ 40%] Meshing surface 3 (BSpline surface, Frontal-Delaunay)
Info    : [ 60%] Meshing surface 4 (BSpline surface, Frontal-Delaunay)
Info    : [ 70%] Meshing surface 5 (Plane, Frontal-Delaunay)
Info    : [ 90%] Meshing surface 6 (Sphere, Frontal-Delaunay)
Info    : Done meshing 2D (Wall 0.754017s, CPU 0.753475s)
Info    : Meshing 3D...
Info    : 3D Meshing 2 volumes with 2 connected components
Info    : Tetrahedrizing 12487 nodes...
Info    : Done tetrahedrizing 12495 nodes (Wall 0.1389s, CPU 0.132848s)
Info    : Reconstructing mesh...
Info    :  - Creating surface mesh
Info    :  - Identifying boundary edges
Info    :  - Recovering boundary
Info    : Done reconstructing mesh (Wall 0.377707s, CPU 0.359623s)
Info    : Found volume 1
Info    : It. 0 - 0 nodes created - worst tet radius 1.03896 (nodes removed 0 0)
Info    : It. 500 - 500 nodes created - worst tet radius 1.00102 (nodes removed 0 0)
Info    : 3D refinement terminated (13251 nodes total):
Info    :  - 0 Delaunay cavities modified for star shapeness
Info    :  - 0 nodes could not be inserted
Info    :  - 42649 tetrahedra created in 0.0263813 sec. (1616634 tets/s)
Info    : 0 node relocations
Info    : Tetrahedrizing 130 nodes...
Info    : Done tetrahedrizing 138 nodes (Wall 0.000741215s, CPU 0.000741s)
Info    : Reconstructing mesh...
Info    :  - Creating surface mesh
Info    :  - Identifying boundary edges
Info    :  - Recovering boundary
Info    : Done reconstructing mesh (Wall 0.00172715s, CPU 0.001727s)
Info    : Found volume 2
Info    : It. 0 - 0 nodes created - worst tet radius 3.03887 (nodes removed 0 0)
Info    : 3D refinement terminated (12697 nodes total):
Info    :  - 0 Delaunay cavities modified for star shapeness
Info    :  - 0 nodes could not be inserted
Info    :  - 487 tetrahedra created in 0.00318808 sec. (152756 tets/s)
Info    : 0 node relocations
Info    : Done meshing 3D (Wall 0.686335s, CPU 0.667215s)
Info    : Optimizing mesh...
Info    : Optimizing volume 1
Info    : Optimization starts (volume = 235.603) with worst = 0.000883265 / average = 0.685716:
Info    : 0.00 < quality < 0.10 :       236 elements
Info    : 0.10 < quality < 0.20 :       356 elements
Info    : 0.20 < quality < 0.30 :       599 elements
Info    : 0.30 < quality < 0.40 :       826 elements
Info    : 0.40 < quality < 0.50 :      1156 elements
Info    : 0.50 < quality < 0.60 :      3846 elements
Info    : 0.60 < quality < 0.70 :     11926 elements
Info    : 0.70 < quality < 0.80 :     19556 elements
Info    : 0.80 < quality < 0.90 :      2203 elements
Info    : 0.90 < quality < 1.00 :      1945 elements
Info    : 1112 edge swaps, 21 node relocations (volume = 235.603): worst = 0.0291094 / average = 0.701141 (Wall 0.0184885s, CPU 0.018488s)
Info    : 1177 edge swaps, 23 node relocations (volume = 235.603): worst = 0.149958 / average = 0.701901 (Wall 0.0223911s, CPU 0.022392s)
Info    : 1178 edge swaps, 24 node relocations (volume = 235.603): worst = 0.149958 / average = 0.701897 (Wall 0.0245141s, CPU 0.024515s)
Info    : No ill-shaped tets in the mesh :-)
Info    : 0.00 < quality < 0.10 :         0 elements
Info    : 0.10 < quality < 0.20 :         2 elements
Info    : 0.20 < quality < 0.30 :         6 elements
Info    : 0.30 < quality < 0.40 :       642 elements
Info    : 0.40 < quality < 0.50 :      1014 elements
Info    : 0.50 < quality < 0.60 :      3964 elements
Info    : 0.60 < quality < 0.70 :     12258 elements
Info    : 0.70 < quality < 0.80 :     19364 elements
Info    : 0.80 < quality < 0.90 :      2368 elements
Info    : 0.90 < quality < 1.00 :      1955 elements
Info    : Optimizing volume 2
Info    : Optimization starts (volume = 0.256435) with worst = 0.191529 / average = 0.744184:
Info    : 0.00 < quality < 0.10 :         0 elements
Info    : 0.10 < quality < 0.20 :         1 elements
Info    : 0.20 < quality < 0.30 :         5 elements
Info    : 0.30 < quality < 0.40 :         7 elements
Info    : 0.40 < quality < 0.50 :        28 elements
Info    : 0.50 < quality < 0.60 :        21 elements
Info    : 0.60 < quality < 0.70 :        72 elements
Info    : 0.70 < quality < 0.80 :       168 elements
Info    : 0.80 < quality < 0.90 :       144 elements
Info    : 0.90 < quality < 1.00 :        41 elements
Info    : 6 edge swaps, 0 node relocations (volume = 0.256435): worst = 0.347362 / average = 0.751388 (Wall 9.56068e-05s, CPU 9.6e-05s)
Info    : No ill-shaped tets in the mesh :-)
Info    : 0.00 < quality < 0.10 :         0 elements
Info    : 0.10 < quality < 0.20 :         0 elements
Info    : 0.20 < quality < 0.30 :         0 elements
Info    : 0.30 < quality < 0.40 :         7 elements
Info    : 0.40 < quality < 0.50 :        25 elements
Info    : 0.50 < quality < 0.60 :        22 elements
Info    : 0.60 < quality < 0.70 :        74 elements
Info    : 0.70 < quality < 0.80 :       170 elements
Info    : 0.80 < quality < 0.90 :       143 elements
Info    : 0.90 < quality < 1.00 :        41 elements
Info    : Done optimizing mesh (Wall 0.0485826s, CPU 0.048571s)
Info    : 13650 nodes 68508 elements
Info    : Meshing order 2 (curvilinear on)...
Info    : [  0%] Meshing curve 1 order 2
Info    : [ 10%] Meshing curve 2 order 2
Info    : [ 20%] Meshing curve 3 order 2
Info    : [ 20%] Meshing curve 4 order 2
Info    : [ 30%] Meshing curve 5 order 2
Info    : [ 30%] Meshing curve 6 order 2
Info    : [ 40%] Meshing curve 7 order 2
Info    : [ 40%] Meshing curve 8 order 2
Info    : [ 50%] Meshing curve 9 order 2
Info    : [ 50%] Meshing curve 10 order 2
Info    : [ 60%] Meshing curve 11 order 2
Info    : [ 60%] Meshing curve 12 order 2
Info    : [ 70%] Meshing surface 1 order 2
Info    : [ 70%] Meshing surface 2 order 2
Info    : [ 80%] Meshing surface 3 order 2
Info    : [ 80%] Meshing surface 4 order 2
Info    : [ 90%] Meshing surface 5 order 2
Info    : [ 90%] Meshing surface 6 order 2
Info    : [100%] Meshing volume 1 order 2
Info    : [100%] Meshing volume 2 order 2
Info    : Surface mesh: worst distortion = 0.797589 (0 elements in ]0, 0.2]); worst gamma = 0.638304
Info    : Volume mesh: worst distortion = 0.268213 (0 elements in ]0, 0.2])
Info    : Done meshing order 2 (Wall 13.0897s, CPU 13.0297s)
Info    : Writing '/home/user/mscr-mom/현서/scripts/contact_scenarios/fea/betagen_mesh_LM75_phiP150_d5_08.inp'...
Info    : Done writing '/home/user/mscr-mom/현서/scripts/contact_scenarios/fea/betagen_mesh_LM75_phiP150_d5_08.inp'
  [LM75_phiP150_d5] F_mag=0.0001mN  (259.7s)
[LM75_phiP150_d5 9/14] L_M=75.0, phi=150.0, beta=225.0, s=30.0mm, depth=0.05mm ...
Info    : Meshing 1D...
Info    : [  0%] Meshing curve 1 (BSpline)
Info    : [ 10%] Meshing curve 2 (Ellipse)
Info    : [ 20%] Meshing curve 3 (Ellipse)
Info    : [ 30%] Meshing curve 4 (BSpline)
Info    : [ 40%] Meshing curve 5 (BSpline)
Info    : [ 50%] Meshing curve 6 (BSpline)
Info    : [ 60%] Meshing curve 7 (BSpline)
Info    : [ 60%] Meshing curve 8 (BSpline)
Info    : [ 70%] Meshing curve 9 (BSpline)
Info    : [ 90%] Meshing curve 11 (Circle)
Info    : Done meshing 1D (Wall 0.0193701s, CPU 0.019371s)
Info    : Meshing 2D...
Info    : [  0%] Meshing surface 1 (Plane, Frontal-Delaunay)
Info    : [ 20%] Meshing surface 2 (Plane, Frontal-Delaunay)
Info    : [ 40%] Meshing surface 3 (BSpline surface, Frontal-Delaunay)
Info    : [ 60%] Meshing surface 4 (BSpline surface, Frontal-Delaunay)
Info    : [ 70%] Meshing surface 5 (Plane, Frontal-Delaunay)
Info    : [ 90%] Meshing surface 6 (Sphere, Frontal-Delaunay)
Info    : Done meshing 2D (Wall 0.841039s, CPU 0.828889s)
Info    : Meshing 3D...
Info    : 3D Meshing 2 volumes with 2 connected components
Info    : Tetrahedrizing 12487 nodes...
Info    : Done tetrahedrizing 12495 nodes (Wall 0.188819s, CPU 0.183793s)
Info    : Reconstructing mesh...
Info    :  - Creating surface mesh
Info    :  - Identifying boundary edges
Info    :  - Recovering boundary
Info    : Done reconstructing mesh (Wall 0.418564s, CPU 0.404419s)
Info    : Found volume 1
Info    : It. 0 - 0 nodes created - worst tet radius 1.03896 (nodes removed 0 0)
Info    : It. 500 - 500 nodes created - worst tet radius 1.00102 (nodes removed 0 0)
Info    : 3D refinement terminated (13252 nodes total):
Info    :  - 0 Delaunay cavities modified for star shapeness
Info    :  - 0 nodes could not be inserted
Info    :  - 42649 tetrahedra created in 0.0284939 sec. (1496778 tets/s)
Info    : 0 node relocations
Info    : Tetrahedrizing 131 nodes...
Info    : Done tetrahedrizing 139 nodes (Wall 0.000776838s, CPU 0.000777s)
Info    : Reconstructing mesh...
Info    :  - Creating surface mesh
Info    :  - Identifying boundary edges
Info    :  - Recovering boundary
Info    : Done reconstructing mesh (Wall 0.00186111s, CPU 0.001863s)
Info    : Found volume 2
Info    : It. 0 - 0 nodes created - worst tet radius 3.13238 (nodes removed 0 0)
Info    : 3D refinement terminated (12703 nodes total):
Info    :  - 0 Delaunay cavities modified for star shapeness
Info    :  - 0 nodes could not be inserted
Info    :  - 530 tetrahedra created in 0.00382471 sec. (138572 tets/s)
Info    : 0 node relocations
Info    : Done meshing 3D (Wall 0.723966s, CPU 0.70977s)
Info    : Optimizing mesh...
Info    : Optimizing volume 1
Info    : Optimization starts (volume = 235.603) with worst = 0.000883265 / average = 0.685716:
Info    : 0.00 < quality < 0.10 :       236 elements
Info    : 0.10 < quality < 0.20 :       356 elements
Info    : 0.20 < quality < 0.30 :       599 elements
Info    : 0.30 < quality < 0.40 :       826 elements
Info    : 0.40 < quality < 0.50 :      1156 elements
Info    : 0.50 < quality < 0.60 :      3846 elements
Info    : 0.60 < quality < 0.70 :     11926 elements
Info    : 0.70 < quality < 0.80 :     19556 elements
Info    : 0.80 < quality < 0.90 :      2203 elements
Info    : 0.90 < quality < 1.00 :      1945 elements
Info    : 1112 edge swaps, 21 node relocations (volume = 235.603): worst = 0.0291094 / average = 0.701141 (Wall 0.0176676s, CPU 0.017668s)
Info    : 1177 edge swaps, 23 node relocations (volume = 235.603): worst = 0.149958 / average = 0.701901 (Wall 0.0232867s, CPU 0.023286s)
Info    : 1178 edge swaps, 24 node relocations (volume = 235.603): worst = 0.149958 / average = 0.701897 (Wall 0.0277786s, CPU 0.027779s)
Info    : No ill-shaped tets in the mesh :-)
Info    : 0.00 < quality < 0.10 :         0 elements
Info    : 0.10 < quality < 0.20 :         2 elements
Info    : 0.20 < quality < 0.30 :         6 elements
Info    : 0.30 < quality < 0.40 :       642 elements
Info    : 0.40 < quality < 0.50 :      1014 elements
Info    : 0.50 < quality < 0.60 :      3964 elements
Info    : 0.60 < quality < 0.70 :     12258 elements
Info    : 0.70 < quality < 0.80 :     19364 elements
Info    : 0.80 < quality < 0.90 :      2368 elements
Info    : 0.90 < quality < 1.00 :      1955 elements
Info    : Optimizing volume 2
Info    : Optimization starts (volume = 0.256422) with worst = 0.122292 / average = 0.743468:
Info    : 0.00 < quality < 0.10 :         0 elements
Info    : 0.10 < quality < 0.20 :         7 elements
Info    : 0.20 < quality < 0.30 :         5 elements
Info    : 0.30 < quality < 0.40 :        11 elements
Info    : 0.40 < quality < 0.50 :        19 elements
Info    : 0.50 < quality < 0.60 :        29 elements
Info    : 0.60 < quality < 0.70 :        79 elements
Info    : 0.70 < quality < 0.80 :       163 elements
Info    : 0.80 < quality < 0.90 :       167 elements
Info    : 0.90 < quality < 1.00 :        50 elements
Info    : 12 edge swaps, 0 node relocations (volume = 0.256422): worst = 0.303237 / average = 0.755671 (Wall 0.000162939s, CPU 0.000167s)
Info    : No ill-shaped tets in the mesh :-)
Info    : 0.00 < quality < 0.10 :         0 elements
Info    : 0.10 < quality < 0.20 :         0 elements
Info    : 0.20 < quality < 0.30 :         0 elements
Info    : 0.30 < quality < 0.40 :        12 elements
Info    : 0.40 < quality < 0.50 :        19 elements
Info    : 0.50 < quality < 0.60 :        25 elements
Info    : 0.60 < quality < 0.70 :        85 elements
Info    : 0.70 < quality < 0.80 :       161 elements
Info    : 0.80 < quality < 0.90 :       168 elements
Info    : 0.90 < quality < 1.00 :        50 elements
Info    : Done optimizing mesh (Wall 0.0569165s, CPU 0.056912s)
Info    : 13656 nodes 68548 elements
Info    : Meshing order 2 (curvilinear on)...
Info    : [  0%] Meshing curve 1 order 2
Info    : [ 10%] Meshing curve 2 order 2
Info    : [ 20%] Meshing curve 3 order 2
Info    : [ 20%] Meshing curve 4 order 2
Info    : [ 30%] Meshing curve 5 order 2
Info    : [ 30%] Meshing curve 6 order 2
Info    : [ 40%] Meshing curve 7 order 2
Info    : [ 40%] Meshing curve 8 order 2
Info    : [ 50%] Meshing curve 9 order 2
Info    : [ 50%] Meshing curve 10 order 2
Info    : [ 60%] Meshing curve 11 order 2
Info    : [ 60%] Meshing curve 12 order 2
Info    : [ 70%] Meshing surface 1 order 2
Info    : [ 70%] Meshing surface 2 order 2
Info    : [ 80%] Meshing surface 3 order 2
Info    : [ 80%] Meshing surface 4 order 2
Info    : [ 90%] Meshing surface 5 order 2
Info    : [ 90%] Meshing surface 6 order 2
Info    : [100%] Meshing volume 1 order 2
Info    : [100%] Meshing volume 2 order 2
Info    : Surface mesh: worst distortion = 0.797589 (0 elements in ]0, 0.2]); worst gamma = 0.638304
Info    : Volume mesh: worst distortion = 0.268213 (0 elements in ]0, 0.2])
Info    : Done meshing order 2 (Wall 12.6852s, CPU 12.6747s)
Info    : Writing '/home/user/mscr-mom/현서/scripts/contact_scenarios/fea/betagen_mesh_LM75_phiP150_d5_09.inp'...
Info    : Done writing '/home/user/mscr-mom/현서/scripts/contact_scenarios/fea/betagen_mesh_LM75_phiP150_d5_09.inp'
  [LM75_phiP150_d5] F_mag=0.0033mN  (466.3s)
[LM75_phiP150_d5 10/14] L_M=75.0, phi=150.0, beta=225.0, s=60.0mm, depth=0.05mm ...
Info    : Meshing 1D...
Info    : [  0%] Meshing curve 1 (BSpline)
Info    : [ 10%] Meshing curve 2 (Ellipse)
Info    : [ 20%] Meshing curve 3 (Ellipse)
Info    : [ 30%] Meshing curve 4 (BSpline)
Info    : [ 40%] Meshing curve 5 (BSpline)
Info    : [ 50%] Meshing curve 6 (BSpline)
Info    : [ 60%] Meshing curve 7 (BSpline)
Info    : [ 60%] Meshing curve 8 (BSpline)
Info    : [ 70%] Meshing curve 9 (BSpline)
Info    : [ 90%] Meshing curve 11 (Circle)
Info    : Done meshing 1D (Wall 0.0196664s, CPU 0.01966s)
Info    : Meshing 2D...
Info    : [  0%] Meshing surface 1 (Plane, Frontal-Delaunay)
Info    : [ 20%] Meshing surface 2 (Plane, Frontal-Delaunay)
Info    : [ 40%] Meshing surface 3 (BSpline surface, Frontal-Delaunay)
Info    : [ 60%] Meshing surface 4 (BSpline surface, Frontal-Delaunay)
Info    : [ 70%] Meshing surface 5 (Plane, Frontal-Delaunay)
Info    : [ 90%] Meshing surface 6 (Sphere, Frontal-Delaunay)
Info    : Done meshing 2D (Wall 0.808314s, CPU 0.808253s)
Info    : Meshing 3D...
Info    : 3D Meshing 2 volumes with 2 connected components
Info    : Tetrahedrizing 12487 nodes...
Info    : Done tetrahedrizing 12495 nodes (Wall 0.146035s, CPU 0.144029s)
Info    : Reconstructing mesh...
Info    :  - Creating surface mesh
Info    :  - Identifying boundary edges
Info    :  - Recovering boundary
Info    : Done reconstructing mesh (Wall 0.404446s, CPU 0.390399s)
Info    : Found volume 1
Info    : It. 0 - 0 nodes created - worst tet radius 1.03896 (nodes removed 0 0)
Info    : It. 500 - 500 nodes created - worst tet radius 1.00102 (nodes removed 0 0)
Info    : 3D refinement terminated (13252 nodes total):
Info    :  - 0 Delaunay cavities modified for star shapeness
Info    :  - 0 nodes could not be inserted
Info    :  - 42649 tetrahedra created in 0.0291059 sec. (1465306 tets/s)
Info    : 0 node relocations
Info    : Tetrahedrizing 131 nodes...
Info    : Done tetrahedrizing 139 nodes (Wall 0.000785149s, CPU 0.000785s)
Info    : Reconstructing mesh...
Info    :  - Creating surface mesh
Info    :  - Identifying boundary edges
Info    :  - Recovering boundary
Info    : Done reconstructing mesh (Wall 0.00183277s, CPU 0.001835s)
Info    : Found volume 2
Info    : It. 0 - 0 nodes created - worst tet radius 3.13495 (nodes removed 0 0)
Info    : 3D refinement terminated (12699 nodes total):
Info    :  - 0 Delaunay cavities modified for star shapeness
Info    :  - 0 nodes could not be inserted
Info    :  - 505 tetrahedra created in 0.00269325 sec. (187505 tets/s)
Info    : 0 node relocations
Info    : Done meshing 3D (Wall 0.727178s, CPU 0.712104s)
Info    : Optimizing mesh...
Info    : Optimizing volume 1
Info    : Optimization starts (volume = 235.603) with worst = 0.000883265 / average = 0.685716:
Info    : 0.00 < quality < 0.10 :       236 elements
Info    : 0.10 < quality < 0.20 :       356 elements
Info    : 0.20 < quality < 0.30 :       599 elements
Info    : 0.30 < quality < 0.40 :       826 elements
Info    : 0.40 < quality < 0.50 :      1156 elements
Info    : 0.50 < quality < 0.60 :      3846 elements
Info    : 0.60 < quality < 0.70 :     11926 elements
Info    : 0.70 < quality < 0.80 :     19556 elements
Info    : 0.80 < quality < 0.90 :      2203 elements
Info    : 0.90 < quality < 1.00 :      1945 elements
Info    : 1112 edge swaps, 21 node relocations (volume = 235.603): worst = 0.0291094 / average = 0.701141 (Wall 0.0134731s, CPU 0.01347s)
Info    : 1177 edge swaps, 23 node relocations (volume = 235.603): worst = 0.149958 / average = 0.701901 (Wall 0.0163519s, CPU 0.016353s)
Info    : 1178 edge swaps, 24 node relocations (volume = 235.603): worst = 0.149958 / average = 0.701897 (Wall 0.0184334s, CPU 0.018435s)
Info    : No ill-shaped tets in the mesh :-)
Info    : 0.00 < quality < 0.10 :         0 elements
Info    : 0.10 < quality < 0.20 :         2 elements
Info    : 0.20 < quality < 0.30 :         6 elements
Info    : 0.30 < quality < 0.40 :       642 elements
Info    : 0.40 < quality < 0.50 :      1014 elements
Info    : 0.50 < quality < 0.60 :      3964 elements
Info    : 0.60 < quality < 0.70 :     12258 elements
Info    : 0.70 < quality < 0.80 :     19364 elements
Info    : 0.80 < quality < 0.90 :      2368 elements
Info    : 0.90 < quality < 1.00 :      1955 elements
Info    : Optimizing volume 2
Info    : Optimization starts (volume = 0.25645) with worst = 0.0401763 / average = 0.729053:
Info    : 0.00 < quality < 0.10 :         2 elements
Info    : 0.10 < quality < 0.20 :         5 elements
Info    : 0.20 < quality < 0.30 :         4 elements
Info    : 0.30 < quality < 0.40 :        16 elements
Info    : 0.40 < quality < 0.50 :        22 elements
Info    : 0.50 < quality < 0.60 :        29 elements
Info    : 0.60 < quality < 0.70 :        68 elements
Info    : 0.70 < quality < 0.80 :       187 elements
Info    : 0.80 < quality < 0.90 :       128 elements
Info    : 0.90 < quality < 1.00 :        44 elements
Info    : 11 edge swaps, 0 node relocations (volume = 0.25645): worst = 0.306492 / average = 0.744401 (Wall 0.000127264s, CPU 0.000127s)
Info    : No ill-shaped tets in the mesh :-)
Info    : 0.00 < quality < 0.10 :         0 elements
Info    : 0.10 < quality < 0.20 :         0 elements
Info    : 0.20 < quality < 0.30 :         0 elements
Info    : 0.30 < quality < 0.40 :        16 elements
Info    : 0.40 < quality < 0.50 :        19 elements
Info    : 0.50 < quality < 0.60 :        26 elements
Info    : 0.60 < quality < 0.70 :        70 elements
Info    : 0.70 < quality < 0.80 :       188 elements
Info    : 0.80 < quality < 0.90 :       131 elements
Info    : 0.90 < quality < 1.00 :        44 elements
Info    : Done optimizing mesh (Wall 0.0424568s, CPU 0.042443s)
Info    : 13652 nodes 68522 elements
Info    : Meshing order 2 (curvilinear on)...
Info    : [  0%] Meshing curve 1 order 2
Info    : [ 10%] Meshing curve 2 order 2
Info    : [ 20%] Meshing curve 3 order 2
Info    : [ 20%] Meshing curve 4 order 2
Info    : [ 30%] Meshing curve 5 order 2
Info    : [ 30%] Meshing curve 6 order 2
Info    : [ 40%] Meshing curve 7 order 2
Info    : [ 40%] Meshing curve 8 order 2
Info    : [ 50%] Meshing curve 9 order 2
Info    : [ 50%] Meshing curve 10 order 2
Info    : [ 60%] Meshing curve 11 order 2
Info    : [ 60%] Meshing curve 12 order 2
Info    : [ 70%] Meshing surface 1 order 2
Info    : [ 70%] Meshing surface 2 order 2
Info    : [ 80%] Meshing surface 3 order 2
Info    : [ 80%] Meshing surface 4 order 2
Info    : [ 90%] Meshing surface 5 order 2
Info    : [ 90%] Meshing surface 6 order 2
Info    : [100%] Meshing volume 1 order 2
Info    : [100%] Meshing volume 2 order 2
Info    : Surface mesh: worst distortion = 0.797589 (0 elements in ]0, 0.2]); worst gamma = 0.638304
Info    : Volume mesh: worst distortion = 0.268213 (0 elements in ]0, 0.2])
Info    : Done meshing order 2 (Wall 13.1683s, CPU 13.1542s)
Info    : Writing '/home/user/mscr-mom/현서/scripts/contact_scenarios/fea/betagen_mesh_LM75_phiP150_d5_10.inp'...
Info    : Done writing '/home/user/mscr-mom/현서/scripts/contact_scenarios/fea/betagen_mesh_LM75_phiP150_d5_10.inp'
  [LM75_phiP150_d5] F_mag=0.0004mN  (239.4s)
[LM75_phiP150_d5 11/14] L_M=75.0, phi=150.0, beta=270.0, s=30.0mm, depth=0.05mm ...
Info    : Meshing 1D...
Info    : [  0%] Meshing curve 1 (BSpline)
Info    : [ 10%] Meshing curve 2 (Ellipse)
Info    : [ 20%] Meshing curve 3 (Ellipse)
Info    : [ 30%] Meshing curve 4 (BSpline)
Info    : [ 40%] Meshing curve 5 (BSpline)
Info    : [ 50%] Meshing curve 6 (BSpline)
Info    : [ 60%] Meshing curve 7 (BSpline)
Info    : [ 60%] Meshing curve 8 (BSpline)
Info    : [ 70%] Meshing curve 9 (BSpline)
Info    : [ 90%] Meshing curve 11 (Circle)
Info    : Done meshing 1D (Wall 0.0198135s, CPU 0.01935s)
Info    : Meshing 2D...
Info    : [  0%] Meshing surface 1 (Plane, Frontal-Delaunay)
Info    : [ 20%] Meshing surface 2 (Plane, Frontal-Delaunay)
Info    : [ 40%] Meshing surface 3 (BSpline surface, Frontal-Delaunay)
Info    : [ 60%] Meshing surface 4 (BSpline surface, Frontal-Delaunay)
Info    : [ 70%] Meshing surface 5 (Plane, Frontal-Delaunay)
Info    : [ 90%] Meshing surface 6 (Sphere, Frontal-Delaunay)
Info    : Done meshing 2D (Wall 0.78243s, CPU 0.782383s)
Info    : Meshing 3D...
Info    : 3D Meshing 2 volumes with 2 connected components
Info    : Tetrahedrizing 12487 nodes...
Info    : Done tetrahedrizing 12495 nodes (Wall 0.142302s, CPU 0.138299s)
Info    : Reconstructing mesh...
Info    :  - Creating surface mesh
Info    :  - Identifying boundary edges
Info    :  - Recovering boundary
Info    : Done reconstructing mesh (Wall 0.365176s, CPU 0.353148s)
Info    : Found volume 1
Info    : It. 0 - 0 nodes created - worst tet radius 1.03896 (nodes removed 0 0)
Info    : It. 500 - 500 nodes created - worst tet radius 1.00102 (nodes removed 0 0)
Info    : 3D refinement terminated (13252 nodes total):
Info    :  - 0 Delaunay cavities modified for star shapeness
Info    :  - 0 nodes could not be inserted
Info    :  - 42649 tetrahedra created in 0.0269475 sec. (1582667 tets/s)
Info    : 0 node relocations
Info    : Tetrahedrizing 131 nodes...
Info    : Done tetrahedrizing 139 nodes (Wall 0.000734753s, CPU 0.000735s)
Info    : Reconstructing mesh...
Info    :  - Creating surface mesh
Info    :  - Identifying boundary edges
Info    :  - Recovering boundary
Info    : Done reconstructing mesh (Wall 0.001699s, CPU 0.001701s)
Info    : Found volume 2
Info    : It. 0 - 0 nodes created - worst tet radius 3.13238 (nodes removed 0 0)
Info    : 3D refinement terminated (12703 nodes total):
Info    :  - 0 Delaunay cavities modified for star shapeness
Info    :  - 0 nodes could not be inserted
Info    :  - 530 tetrahedra created in 0.00260988 sec. (203074 tets/s)
Info    : 0 node relocations
Info    : Done meshing 3D (Wall 0.679152s, CPU 0.665097s)
Info    : Optimizing mesh...
Info    : Optimizing volume 1
Info    : Optimization starts (volume = 235.603) with worst = 0.000883265 / average = 0.685716:
Info    : 0.00 < quality < 0.10 :       236 elements
Info    : 0.10 < quality < 0.20 :       356 elements
Info    : 0.20 < quality < 0.30 :       599 elements
Info    : 0.30 < quality < 0.40 :       826 elements
Info    : 0.40 < quality < 0.50 :      1156 elements
Info    : 0.50 < quality < 0.60 :      3846 elements
Info    : 0.60 < quality < 0.70 :     11926 elements
Info    : 0.70 < quality < 0.80 :     19556 elements
Info    : 0.80 < quality < 0.90 :      2203 elements
Info    : 0.90 < quality < 1.00 :      1945 elements
Info    : 1112 edge swaps, 21 node relocations (volume = 235.603): worst = 0.0291094 / average = 0.701141 (Wall 0.0153988s, CPU 0.015398s)
Info    : 1177 edge swaps, 23 node relocations (volume = 235.603): worst = 0.149958 / average = 0.701901 (Wall 0.018689s, CPU 0.018689s)
Info    : 1178 edge swaps, 24 node relocations (volume = 235.603): worst = 0.149958 / average = 0.701897 (Wall 0.0209851s, CPU 0.020986s)
Info    : No ill-shaped tets in the mesh :-)
Info    : 0.00 < quality < 0.10 :         0 elements
Info    : 0.10 < quality < 0.20 :         2 elements
Info    : 0.20 < quality < 0.30 :         6 elements
Info    : 0.30 < quality < 0.40 :       642 elements
Info    : 0.40 < quality < 0.50 :      1014 elements
Info    : 0.50 < quality < 0.60 :      3964 elements
Info    : 0.60 < quality < 0.70 :     12258 elements
Info    : 0.70 < quality < 0.80 :     19364 elements
Info    : 0.80 < quality < 0.90 :      2368 elements
Info    : 0.90 < quality < 1.00 :      1955 elements
Info    : Optimizing volume 2
Info    : Optimization starts (volume = 0.256422) with worst = 0.122292 / average = 0.743468:
Info    : 0.00 < quality < 0.10 :         0 elements
Info    : 0.10 < quality < 0.20 :         7 elements
Info    : 0.20 < quality < 0.30 :         5 elements
Info    : 0.30 < quality < 0.40 :        11 elements
Info    : 0.40 < quality < 0.50 :        19 elements
Info    : 0.50 < quality < 0.60 :        29 elements
Info    : 0.60 < quality < 0.70 :        79 elements
Info    : 0.70 < quality < 0.80 :       163 elements
Info    : 0.80 < quality < 0.90 :       167 elements
Info    : 0.90 < quality < 1.00 :        50 elements
Info    : 12 edge swaps, 0 node relocations (volume = 0.256422): worst = 0.303237 / average = 0.755671 (Wall 0.000138281s, CPU 0.000139s)
Info    : No ill-shaped tets in the mesh :-)
Info    : 0.00 < quality < 0.10 :         0 elements
Info    : 0.10 < quality < 0.20 :         0 elements
Info    : 0.20 < quality < 0.30 :         0 elements
Info    : 0.30 < quality < 0.40 :        12 elements
Info    : 0.40 < quality < 0.50 :        19 elements
Info    : 0.50 < quality < 0.60 :        25 elements
Info    : 0.60 < quality < 0.70 :        85 elements
Info    : 0.70 < quality < 0.80 :       161 elements
Info    : 0.80 < quality < 0.90 :       168 elements
Info    : 0.90 < quality < 1.00 :        50 elements
Info    : Done optimizing mesh (Wall 0.0439473s, CPU 0.043946s)
Info    : 13656 nodes 68548 elements
Info    : Meshing order 2 (curvilinear on)...
Info    : [  0%] Meshing curve 1 order 2
Info    : [ 10%] Meshing curve 2 order 2
Info    : [ 20%] Meshing curve 3 order 2
Info    : [ 20%] Meshing curve 4 order 2
Info    : [ 30%] Meshing curve 5 order 2
Info    : [ 30%] Meshing curve 6 order 2
Info    : [ 40%] Meshing curve 7 order 2
Info    : [ 40%] Meshing curve 8 order 2
Info    : [ 50%] Meshing curve 9 order 2
Info    : [ 50%] Meshing curve 10 order 2
Info    : [ 60%] Meshing curve 11 order 2
Info    : [ 60%] Meshing curve 12 order 2
Info    : [ 70%] Meshing surface 1 order 2
Info    : [ 70%] Meshing surface 2 order 2
Info    : [ 80%] Meshing surface 3 order 2
Info    : [ 80%] Meshing surface 4 order 2
Info    : [ 90%] Meshing surface 5 order 2
Info    : [ 90%] Meshing surface 6 order 2
Info    : [100%] Meshing volume 1 order 2
Info    : [100%] Meshing volume 2 order 2
Info    : Surface mesh: worst distortion = 0.797589 (0 elements in ]0, 0.2]); worst gamma = 0.638304
Info    : Volume mesh: worst distortion = 0.268213 (0 elements in ]0, 0.2])
Info    : Done meshing order 2 (Wall 12.198s, CPU 12.192s)
Info    : Writing '/home/user/mscr-mom/현서/scripts/contact_scenarios/fea/betagen_mesh_LM75_phiP150_d5_11.inp'...
Info    : Done writing '/home/user/mscr-mom/현서/scripts/contact_scenarios/fea/betagen_mesh_LM75_phiP150_d5_11.inp'
  [LM75_phiP150_d5] F_mag=0.0031mN  (273.0s)
[LM75_phiP150_d5 12/14] L_M=75.0, phi=150.0, beta=270.0, s=60.0mm, depth=0.05mm ...
Info    : Meshing 1D...
Info    : [  0%] Meshing curve 1 (BSpline)
Info    : [ 10%] Meshing curve 2 (Ellipse)
Info    : [ 20%] Meshing curve 3 (Ellipse)
Info    : [ 30%] Meshing curve 4 (BSpline)
Info    : [ 40%] Meshing curve 5 (BSpline)
Info    : [ 50%] Meshing curve 6 (BSpline)
Info    : [ 60%] Meshing curve 7 (BSpline)
Info    : [ 60%] Meshing curve 8 (BSpline)
Info    : [ 70%] Meshing curve 9 (BSpline)
Info    : [ 90%] Meshing curve 11 (Circle)
Info    : Done meshing 1D (Wall 0.019686s, CPU 0.019608s)
Info    : Meshing 2D...
Info    : [  0%] Meshing surface 1 (Plane, Frontal-Delaunay)
Info    : [ 20%] Meshing surface 2 (Plane, Frontal-Delaunay)
Info    : [ 40%] Meshing surface 3 (BSpline surface, Frontal-Delaunay)
Info    : [ 60%] Meshing surface 4 (BSpline surface, Frontal-Delaunay)
Info    : [ 70%] Meshing surface 5 (Plane, Frontal-Delaunay)
Info    : [ 90%] Meshing surface 6 (Sphere, Frontal-Delaunay)
Info    : Done meshing 2D (Wall 0.796654s, CPU 0.795601s)
Info    : Meshing 3D...
Info    : 3D Meshing 2 volumes with 2 connected components
Info    : Tetrahedrizing 12487 nodes...
Info    : Done tetrahedrizing 12495 nodes (Wall 0.138364s, CPU 0.136337s)
Info    : Reconstructing mesh...
Info    :  - Creating surface mesh
Info    :  - Identifying boundary edges
Info    :  - Recovering boundary
Info    : Done reconstructing mesh (Wall 0.373706s, CPU 0.359674s)
Info    : Found volume 1
Info    : It. 0 - 0 nodes created - worst tet radius 1.03896 (nodes removed 0 0)
Info    : It. 500 - 500 nodes created - worst tet radius 1.00102 (nodes removed 0 0)
Info    : 3D refinement terminated (13251 nodes total):
Info    :  - 0 Delaunay cavities modified for star shapeness
Info    :  - 0 nodes could not be inserted
Info    :  - 42649 tetrahedra created in 0.0334404 sec. (1275372 tets/s)
Info    : 0 node relocations
Info    : Tetrahedrizing 130 nodes...
Info    : Done tetrahedrizing 138 nodes (Wall 0.00080596s, CPU 0.000807s)
Info    : Reconstructing mesh...
Info    :  - Creating surface mesh
Info    :  - Identifying boundary edges
Info    :  - Recovering boundary
Info    : Done reconstructing mesh (Wall 0.00235509s, CPU 0.002357s)
Info    : Found volume 2
Info    : It. 0 - 0 nodes created - worst tet radius 3.03887 (nodes removed 0 0)
Info    : 3D refinement terminated (12697 nodes total):
Info    :  - 0 Delaunay cavities modified for star shapeness
Info    :  - 0 nodes could not be inserted
Info    :  - 487 tetrahedra created in 0.00503544 sec. (96714 tets/s)
Info    : 0 node relocations
Info    : Done meshing 3D (Wall 0.708978s, CPU 0.694932s)
Info    : Optimizing mesh...
Info    : Optimizing volume 1
Info    : Optimization starts (volume = 235.603) with worst = 0.000883265 / average = 0.685716:
Info    : 0.00 < quality < 0.10 :       236 elements
Info    : 0.10 < quality < 0.20 :       356 elements
Info    : 0.20 < quality < 0.30 :       599 elements
Info    : 0.30 < quality < 0.40 :       826 elements
Info    : 0.40 < quality < 0.50 :      1156 elements
Info    : 0.50 < quality < 0.60 :      3846 elements
Info    : 0.60 < quality < 0.70 :     11926 elements
Info    : 0.70 < quality < 0.80 :     19556 elements
Info    : 0.80 < quality < 0.90 :      2203 elements
Info    : 0.90 < quality < 1.00 :      1945 elements
Info    : 1112 edge swaps, 21 node relocations (volume = 235.603): worst = 0.0291094 / average = 0.701141 (Wall 0.0148681s, CPU 0.014868s)
Info    : 1177 edge swaps, 23 node relocations (volume = 235.603): worst = 0.149958 / average = 0.701901 (Wall 0.0190722s, CPU 0.019073s)
Info    : 1178 edge swaps, 24 node relocations (volume = 235.603): worst = 0.149958 / average = 0.701897 (Wall 0.0217628s, CPU 0.021764s)
Info    : No ill-shaped tets in the mesh :-)
Info    : 0.00 < quality < 0.10 :         0 elements
Info    : 0.10 < quality < 0.20 :         2 elements
Info    : 0.20 < quality < 0.30 :         6 elements
Info    : 0.30 < quality < 0.40 :       642 elements
Info    : 0.40 < quality < 0.50 :      1014 elements
Info    : 0.50 < quality < 0.60 :      3964 elements
Info    : 0.60 < quality < 0.70 :     12258 elements
Info    : 0.70 < quality < 0.80 :     19364 elements
Info    : 0.80 < quality < 0.90 :      2368 elements
Info    : 0.90 < quality < 1.00 :      1955 elements
Info    : Optimizing volume 2
Info    : Optimization starts (volume = 0.256435) with worst = 0.191529 / average = 0.744184:
Info    : 0.00 < quality < 0.10 :         0 elements
Info    : 0.10 < quality < 0.20 :         1 elements
Info    : 0.20 < quality < 0.30 :         5 elements
Info    : 0.30 < quality < 0.40 :         7 elements
Info    : 0.40 < quality < 0.50 :        28 elements
Info    : 0.50 < quality < 0.60 :        21 elements
Info    : 0.60 < quality < 0.70 :        72 elements
Info    : 0.70 < quality < 0.80 :       168 elements
Info    : 0.80 < quality < 0.90 :       144 elements
Info    : 0.90 < quality < 1.00 :        41 elements
Info    : 6 edge swaps, 0 node relocations (volume = 0.256435): worst = 0.347362 / average = 0.751388 (Wall 0.000126383s, CPU 0.000128s)
Info    : No ill-shaped tets in the mesh :-)
Info    : 0.00 < quality < 0.10 :         0 elements
Info    : 0.10 < quality < 0.20 :         0 elements
Info    : 0.20 < quality < 0.30 :         0 elements
Info    : 0.30 < quality < 0.40 :         7 elements
Info    : 0.40 < quality < 0.50 :        25 elements
Info    : 0.50 < quality < 0.60 :        22 elements
Info    : 0.60 < quality < 0.70 :        74 elements
Info    : 0.70 < quality < 0.80 :       170 elements
Info    : 0.80 < quality < 0.90 :       143 elements
Info    : 0.90 < quality < 1.00 :        41 elements
Info    : Done optimizing mesh (Wall 0.0489237s, CPU 0.048921s)
Info    : 13650 nodes 68508 elements
Info    : Meshing order 2 (curvilinear on)...
Info    : [  0%] Meshing curve 1 order 2
Info    : [ 10%] Meshing curve 2 order 2
Info    : [ 20%] Meshing curve 3 order 2
Info    : [ 20%] Meshing curve 4 order 2
Info    : [ 30%] Meshing curve 5 order 2
Info    : [ 30%] Meshing curve 6 order 2
Info    : [ 40%] Meshing curve 7 order 2
Info    : [ 40%] Meshing curve 8 order 2
Info    : [ 50%] Meshing curve 9 order 2
Info    : [ 50%] Meshing curve 10 order 2
Info    : [ 60%] Meshing curve 11 order 2
Info    : [ 60%] Meshing curve 12 order 2
Info    : [ 70%] Meshing surface 1 order 2
Info    : [ 70%] Meshing surface 2 order 2
Info    : [ 80%] Meshing surface 3 order 2
Info    : [ 80%] Meshing surface 4 order 2
Info    : [ 90%] Meshing surface 5 order 2
Info    : [ 90%] Meshing surface 6 order 2
Info    : [100%] Meshing volume 1 order 2
Info    : [100%] Meshing volume 2 order 2
Info    : Surface mesh: worst distortion = 0.797589 (0 elements in ]0, 0.2]); worst gamma = 0.638304
Info    : Volume mesh: worst distortion = 0.268213 (0 elements in ]0, 0.2])
Info    : Done meshing order 2 (Wall 12.5207s, CPU 12.5166s)
Info    : Writing '/home/user/mscr-mom/현서/scripts/contact_scenarios/fea/betagen_mesh_LM75_phiP150_d5_12.inp'...
Info    : Done writing '/home/user/mscr-mom/현서/scripts/contact_scenarios/fea/betagen_mesh_LM75_phiP150_d5_12.inp'
  [LM75_phiP150_d5] F_mag=0.0004mN  (397.0s)
[LM75_phiP150_d5 13/14] L_M=75.0, phi=150.0, beta=315.0, s=30.0mm, depth=0.05mm ...
Info    : Meshing 1D...
Info    : [  0%] Meshing curve 1 (BSpline)
Info    : [ 10%] Meshing curve 2 (Ellipse)
Info    : [ 20%] Meshing curve 3 (Ellipse)
Info    : [ 30%] Meshing curve 4 (BSpline)
Info    : [ 40%] Meshing curve 5 (BSpline)
Info    : [ 50%] Meshing curve 6 (BSpline)
Info    : [ 60%] Meshing curve 7 (BSpline)
Info    : [ 60%] Meshing curve 8 (BSpline)
Info    : [ 70%] Meshing curve 9 (BSpline)
Info    : [ 90%] Meshing curve 11 (Circle)
Info    : Done meshing 1D (Wall 0.0202294s, CPU 0.020174s)
Info    : Meshing 2D...
Info    : [  0%] Meshing surface 1 (Plane, Frontal-Delaunay)
Info    : [ 20%] Meshing surface 2 (Plane, Frontal-Delaunay)
Info    : [ 40%] Meshing surface 3 (BSpline surface, Frontal-Delaunay)
Info    : [ 60%] Meshing surface 4 (BSpline surface, Frontal-Delaunay)
Info    : [ 70%] Meshing surface 5 (Plane, Frontal-Delaunay)
Info    : [ 90%] Meshing surface 6 (Sphere, Frontal-Delaunay)
Info    : Done meshing 2D (Wall 0.868647s, CPU 0.867677s)
Info    : Meshing 3D...
Info    : 3D Meshing 2 volumes with 2 connected components
Info    : Tetrahedrizing 12487 nodes...
Info    : Done tetrahedrizing 12495 nodes (Wall 0.14847s, CPU 0.14747s)
Info    : Reconstructing mesh...
Info    :  - Creating surface mesh
Info    :  - Identifying boundary edges
Info    :  - Recovering boundary
Info    : Done reconstructing mesh (Wall 0.443693s, CPU 0.428553s)
Info    : Found volume 1
Info    : It. 0 - 0 nodes created - worst tet radius 1.03896 (nodes removed 0 0)
Info    : It. 500 - 500 nodes created - worst tet radius 1.00102 (nodes removed 0 0)
Info    : 3D refinement terminated (13252 nodes total):
Info    :  - 0 Delaunay cavities modified for star shapeness
Info    :  - 0 nodes could not be inserted
Info    :  - 42649 tetrahedra created in 0.0375498 sec. (1135797 tets/s)
Info    : 0 node relocations
Info    : Tetrahedrizing 131 nodes...
Info    : Done tetrahedrizing 139 nodes (Wall 0.000841927s, CPU 0.000842s)
Info    : Reconstructing mesh...
Info    :  - Creating surface mesh
Info    :  - Identifying boundary edges
Info    :  - Recovering boundary
Info    : Done reconstructing mesh (Wall 0.00215188s, CPU 0.002152s)
Info    : Found volume 2
Info    : It. 0 - 0 nodes created - worst tet radius 3.13495 (nodes removed 0 0)
Info    : 3D refinement terminated (12699 nodes total):
Info    :  - 0 Delaunay cavities modified for star shapeness
Info    :  - 0 nodes could not be inserted
Info    :  - 505 tetrahedra created in 0.00463239 sec. (109014 tets/s)
Info    : 0 node relocations
Info    : Done meshing 3D (Wall 0.822705s, CPU 0.806333s)
Info    : Optimizing mesh...
Info    : Optimizing volume 1
Info    : Optimization starts (volume = 235.603) with worst = 0.000883265 / average = 0.685716:
Info    : 0.00 < quality < 0.10 :       236 elements
Info    : 0.10 < quality < 0.20 :       356 elements
Info    : 0.20 < quality < 0.30 :       599 elements
Info    : 0.30 < quality < 0.40 :       826 elements
Info    : 0.40 < quality < 0.50 :      1156 elements
Info    : 0.50 < quality < 0.60 :      3846 elements
Info    : 0.60 < quality < 0.70 :     11926 elements
Info    : 0.70 < quality < 0.80 :     19556 elements
Info    : 0.80 < quality < 0.90 :      2203 elements
Info    : 0.90 < quality < 1.00 :      1945 elements
Info    : 1112 edge swaps, 21 node relocations (volume = 235.603): worst = 0.0291094 / average = 0.701141 (Wall 0.0239098s, CPU 0.0238s)
Info    : 1177 edge swaps, 23 node relocations (volume = 235.603): worst = 0.149958 / average = 0.701901 (Wall 0.0278425s, CPU 0.027735s)
Info    : 1178 edge swaps, 24 node relocations (volume = 235.603): worst = 0.149958 / average = 0.701897 (Wall 0.0305876s, CPU 0.030481s)
Info    : No ill-shaped tets in the mesh :-)
Info    : 0.00 < quality < 0.10 :         0 elements
Info    : 0.10 < quality < 0.20 :         2 elements
Info    : 0.20 < quality < 0.30 :         6 elements
Info    : 0.30 < quality < 0.40 :       642 elements
Info    : 0.40 < quality < 0.50 :      1014 elements
Info    : 0.50 < quality < 0.60 :      3964 elements
Info    : 0.60 < quality < 0.70 :     12258 elements
Info    : 0.70 < quality < 0.80 :     19364 elements
Info    : 0.80 < quality < 0.90 :      2368 elements
Info    : 0.90 < quality < 1.00 :      1955 elements
Info    : Optimizing volume 2
Info    : Optimization starts (volume = 0.25645) with worst = 0.0401763 / average = 0.729053:
Info    : 0.00 < quality < 0.10 :         2 elements
Info    : 0.10 < quality < 0.20 :         5 elements
Info    : 0.20 < quality < 0.30 :         4 elements
Info    : 0.30 < quality < 0.40 :        16 elements
Info    : 0.40 < quality < 0.50 :        22 elements
Info    : 0.50 < quality < 0.60 :        29 elements
Info    : 0.60 < quality < 0.70 :        68 elements
Info    : 0.70 < quality < 0.80 :       187 elements
Info    : 0.80 < quality < 0.90 :       128 elements
Info    : 0.90 < quality < 1.00 :        44 elements
Info    : 11 edge swaps, 0 node relocations (volume = 0.25645): worst = 0.306492 / average = 0.744401 (Wall 0.000136618s, CPU 0.000138s)
Info    : No ill-shaped tets in the mesh :-)
Info    : 0.00 < quality < 0.10 :         0 elements
Info    : 0.10 < quality < 0.20 :         0 elements
Info    : 0.20 < quality < 0.30 :         0 elements
Info    : 0.30 < quality < 0.40 :        16 elements
Info    : 0.40 < quality < 0.50 :        19 elements
Info    : 0.50 < quality < 0.60 :        26 elements
Info    : 0.60 < quality < 0.70 :        70 elements
Info    : 0.70 < quality < 0.80 :       188 elements
Info    : 0.80 < quality < 0.90 :       131 elements
Info    : 0.90 < quality < 1.00 :        44 elements
Info    : Done optimizing mesh (Wall 0.0625561s, CPU 0.0623s)
Info    : 13652 nodes 68522 elements
Info    : Meshing order 2 (curvilinear on)...
Info    : [  0%] Meshing curve 1 order 2
Info    : [ 10%] Meshing curve 2 order 2
Info    : [ 20%] Meshing curve 3 order 2
Info    : [ 20%] Meshing curve 4 order 2
Info    : [ 30%] Meshing curve 5 order 2
Info    : [ 30%] Meshing curve 6 order 2
Info    : [ 40%] Meshing curve 7 order 2
Info    : [ 40%] Meshing curve 8 order 2
Info    : [ 50%] Meshing curve 9 order 2
Info    : [ 50%] Meshing curve 10 order 2
Info    : [ 60%] Meshing curve 11 order 2
Info    : [ 60%] Meshing curve 12 order 2
Info    : [ 70%] Meshing surface 1 order 2
Info    : [ 70%] Meshing surface 2 order 2
Info    : [ 80%] Meshing surface 3 order 2
Info    : [ 80%] Meshing surface 4 order 2
Info    : [ 90%] Meshing surface 5 order 2
Info    : [ 90%] Meshing surface 6 order 2
Info    : [100%] Meshing volume 1 order 2
Info    : [100%] Meshing volume 2 order 2
Info    : Surface mesh: worst distortion = 0.797589 (0 elements in ]0, 0.2]); worst gamma = 0.638304
Info    : Volume mesh: worst distortion = 0.268213 (0 elements in ]0, 0.2])
Info    : Done meshing order 2 (Wall 13.1338s, CPU 13.1053s)
Info    : Writing '/home/user/mscr-mom/현서/scripts/contact_scenarios/fea/betagen_mesh_LM75_phiP150_d5_13.inp'...
Info    : Done writing '/home/user/mscr-mom/현서/scripts/contact_scenarios/fea/betagen_mesh_LM75_phiP150_d5_13.inp'
  [LM75_phiP150_d5] F_mag=0.0035mN  (209.6s)
[LM75_phiP150_d5 14/14] L_M=75.0, phi=150.0, beta=315.0, s=60.0mm, depth=0.05mm ...
Info    : Meshing 1D...
Info    : [  0%] Meshing curve 1 (BSpline)
Info    : [ 10%] Meshing curve 2 (Ellipse)
Info    : [ 20%] Meshing curve 3 (Ellipse)
Info    : [ 30%] Meshing curve 4 (BSpline)
Info    : [ 40%] Meshing curve 5 (BSpline)
Info    : [ 50%] Meshing curve 6 (BSpline)
Info    : [ 60%] Meshing curve 7 (BSpline)
Info    : [ 60%] Meshing curve 8 (BSpline)
Info    : [ 70%] Meshing curve 9 (BSpline)
Info    : [ 90%] Meshing curve 11 (Circle)
Info    : Done meshing 1D (Wall 0.0190713s, CPU 0.019064s)
Info    : Meshing 2D...
Info    : [  0%] Meshing surface 1 (Plane, Frontal-Delaunay)
Info    : [ 20%] Meshing surface 2 (Plane, Frontal-Delaunay)
Info    : [ 40%] Meshing surface 3 (BSpline surface, Frontal-Delaunay)
Info    : [ 60%] Meshing surface 4 (BSpline surface, Frontal-Delaunay)
Info    : [ 70%] Meshing surface 5 (Plane, Frontal-Delaunay)
Info    : [ 90%] Meshing surface 6 (Sphere, Frontal-Delaunay)
Info    : Done meshing 2D (Wall 0.817891s, CPU 0.817863s)
Info    : Meshing 3D...
Info    : 3D Meshing 2 volumes with 2 connected components
Info    : Tetrahedrizing 12487 nodes...
Info    : Done tetrahedrizing 12495 nodes (Wall 0.143807s, CPU 0.140805s)
Info    : Reconstructing mesh...
Info    :  - Creating surface mesh
Info    :  - Identifying boundary edges
Info    :  - Recovering boundary
Info    : Done reconstructing mesh (Wall 0.359626s, CPU 0.34661s)
Info    : Found volume 1
Info    : It. 0 - 0 nodes created - worst tet radius 1.03896 (nodes removed 0 0)
Info    : It. 500 - 500 nodes created - worst tet radius 1.00102 (nodes removed 0 0)
Info    : 3D refinement terminated (13251 nodes total):
Info    :  - 0 Delaunay cavities modified for star shapeness
Info    :  - 0 nodes could not be inserted
Info    :  - 42649 tetrahedra created in 0.0312083 sec. (1366593 tets/s)
Info    : 0 node relocations
Info    : Tetrahedrizing 130 nodes...
Info    : Done tetrahedrizing 138 nodes (Wall 0.000778089s, CPU 0.000778s)
Info    : Reconstructing mesh...
Info    :  - Creating surface mesh
Info    :  - Identifying boundary edges
Info    :  - Recovering boundary
Info    : Done reconstructing mesh (Wall 0.0018363s, CPU 0.001839s)
Info    : Found volume 2
Info    : It. 0 - 0 nodes created - worst tet radius 3.03887 (nodes removed 0 0)
Info    : 3D refinement terminated (12697 nodes total):
Info    :  - 0 Delaunay cavities modified for star shapeness
Info    :  - 0 nodes could not be inserted
Info    :  - 487 tetrahedra created in 0.00363266 sec. (134061 tets/s)
Info    : 0 node relocations
Info    : Done meshing 3D (Wall 0.660667s, CPU 0.645644s)
Info    : Optimizing mesh...
Info    : Optimizing volume 1
Info    : Optimization starts (volume = 235.603) with worst = 0.000883265 / average = 0.685716:
Info    : 0.00 < quality < 0.10 :       236 elements
Info    : 0.10 < quality < 0.20 :       356 elements
Info    : 0.20 < quality < 0.30 :       599 elements
Info    : 0.30 < quality < 0.40 :       826 elements
Info    : 0.40 < quality < 0.50 :      1156 elements
Info    : 0.50 < quality < 0.60 :      3846 elements
Info    : 0.60 < quality < 0.70 :     11926 elements
Info    : 0.70 < quality < 0.80 :     19556 elements
Info    : 0.80 < quality < 0.90 :      2203 elements
Info    : 0.90 < quality < 1.00 :      1945 elements
Info    : 1112 edge swaps, 21 node relocations (volume = 235.603): worst = 0.0291094 / average = 0.701141 (Wall 0.0152066s, CPU 0.015207s)
Info    : 1177 edge swaps, 23 node relocations (volume = 235.603): worst = 0.149958 / average = 0.701901 (Wall 0.0185369s, CPU 0.018536s)
Info    : 1178 edge swaps, 24 node relocations (volume = 235.603): worst = 0.149958 / average = 0.701897 (Wall 0.0209135s, CPU 0.020913s)
Info    : No ill-shaped tets in the mesh :-)
Info    : 0.00 < quality < 0.10 :         0 elements
Info    : 0.10 < quality < 0.20 :         2 elements
Info    : 0.20 < quality < 0.30 :         6 elements
Info    : 0.30 < quality < 0.40 :       642 elements
Info    : 0.40 < quality < 0.50 :      1014 elements
Info    : 0.50 < quality < 0.60 :      3964 elements
Info    : 0.60 < quality < 0.70 :     12258 elements
Info    : 0.70 < quality < 0.80 :     19364 elements
Info    : 0.80 < quality < 0.90 :      2368 elements
Info    : 0.90 < quality < 1.00 :      1955 elements
Info    : Optimizing volume 2
Info    : Optimization starts (volume = 0.256435) with worst = 0.191529 / average = 0.744184:
Info    : 0.00 < quality < 0.10 :         0 elements
Info    : 0.10 < quality < 0.20 :         1 elements
Info    : 0.20 < quality < 0.30 :         5 elements
Info    : 0.30 < quality < 0.40 :         7 elements
Info    : 0.40 < quality < 0.50 :        28 elements
Info    : 0.50 < quality < 0.60 :        21 elements
Info    : 0.60 < quality < 0.70 :        72 elements
Info    : 0.70 < quality < 0.80 :       168 elements
Info    : 0.80 < quality < 0.90 :       144 elements
Info    : 0.90 < quality < 1.00 :        41 elements
Info    : 6 edge swaps, 0 node relocations (volume = 0.256435): worst = 0.347362 / average = 0.751388 (Wall 0.000107965s, CPU 0.000108s)
Info    : No ill-shaped tets in the mesh :-)
Info    : 0.00 < quality < 0.10 :         0 elements
Info    : 0.10 < quality < 0.20 :         0 elements
Info    : 0.20 < quality < 0.30 :         0 elements
Info    : 0.30 < quality < 0.40 :         7 elements
Info    : 0.40 < quality < 0.50 :        25 elements
Info    : 0.50 < quality < 0.60 :        22 elements
Info    : 0.60 < quality < 0.70 :        74 elements
Info    : 0.70 < quality < 0.80 :       170 elements
Info    : 0.80 < quality < 0.90 :       143 elements
Info    : 0.90 < quality < 1.00 :        41 elements
Info    : Done optimizing mesh (Wall 0.046838s, CPU 0.045838s)
Info    : 13650 nodes 68508 elements
Info    : Meshing order 2 (curvilinear on)...
Info    : [  0%] Meshing curve 1 order 2
Info    : [ 10%] Meshing curve 2 order 2
Info    : [ 20%] Meshing curve 3 order 2
Info    : [ 20%] Meshing curve 4 order 2
Info    : [ 30%] Meshing curve 5 order 2
Info    : [ 30%] Meshing curve 6 order 2
Info    : [ 40%] Meshing curve 7 order 2
Info    : [ 40%] Meshing curve 8 order 2
Info    : [ 50%] Meshing curve 9 order 2
Info    : [ 50%] Meshing curve 10 order 2
Info    : [ 60%] Meshing curve 11 order 2
Info    : [ 60%] Meshing curve 12 order 2
Info    : [ 70%] Meshing surface 1 order 2
Info    : [ 70%] Meshing surface 2 order 2
Info    : [ 80%] Meshing surface 3 order 2
Info    : [ 80%] Meshing surface 4 order 2
Info    : [ 90%] Meshing surface 5 order 2
Info    : [ 90%] Meshing surface 6 order 2
Info    : [100%] Meshing volume 1 order 2
Info    : [100%] Meshing volume 2 order 2
Info    : Surface mesh: worst distortion = 0.797589 (0 elements in ]0, 0.2]); worst gamma = 0.638304
Info    : Volume mesh: worst distortion = 0.268213 (0 elements in ]0, 0.2])
Info    : Done meshing order 2 (Wall 12.6765s, CPU 12.6643s)
Info    : Writing '/home/user/mscr-mom/현서/scripts/contact_scenarios/fea/betagen_mesh_LM75_phiP150_d5_14.inp'...
Info    : Done writing '/home/user/mscr-mom/현서/scripts/contact_scenarios/fea/betagen_mesh_LM75_phiP150_d5_14.inp'
  [LM75_phiP150_d5] F_mag=0.0005mN  (157.5s)
[LM75_phiP150_d5] 완료: 13/14 성공
